StudentID,Age,Gender,Ethnicity,ParentalEducation,StudyTimeWeekly,Absences,Tutoring,ParentalSupport,Extracurricular,Sports,Music,Volunteering,GPA,GradeClass,GPA_Level
1001,17,1,0,2,0.99277314327911,7,1,2,0,0,1,0,2.929195591667681,2.0,1
1002,18,0,0,1,0.7712704924672598,0,0,1,0,0,0,0,3.042914833436377,1.0,2
1003,15,0,2,3,0.21071759210083982,26,0,2,0,0,0,0,0.1126022544661815,4.0,0
1004,17,1,0,3,0.5019649663815134,14,0,3,1,0,0,0,2.0542181397029484,3.0,1
1005,17,1,0,2,0.23384041525028032,17,1,3,0,0,0,0,1.2880611817953875,4.0,0
1006,18,0,0,1,0.409978808138641,0,0,1,1,0,0,0,3.0841836144863937,1.0,2
1007,15,0,1,1,0.780927801228458,10,0,3,0,1,0,0,2.748237414891583,2.0,1
1008,15,1,1,4,0.7720584095943872,22,1,1,1,0,0,0,1.360142712316461,4.0,0
1009,17,0,0,0,0.2283096795161368,1,0,2,0,1,0,1,2.896819189513569,2.0,1
1010,16,1,0,1,0.9232304772169081,0,0,3,1,0,0,0,3.5734742103297656,0.0,2
1011,17,0,0,1,0.5931964207598887,11,0,1,0,0,0,0,2.1471716250185144,3.0,1
1012,17,0,0,1,0.38030810609900473,15,0,2,0,0,0,1,1.5595945190402771,4.0,0
1013,17,0,1,1,0.5024596414143082,21,0,3,1,0,0,0,1.520077814874808,4.0,0
1014,17,0,1,2,0.6057138630483863,21,0,4,0,1,0,0,1.7515809583340785,4.0,0
1015,18,1,0,1,0.5604812086169392,9,1,2,0,0,0,0,2.396788117124796,3.0,1
1016,15,0,0,2,0.4869112446328433,17,1,0,0,1,0,0,1.3415207165346672,4.0,0
1017,18,0,3,1,0.5054603098718297,14,0,2,1,1,0,0,2.232175277715976,3.0,1
1018,18,1,0,0,0.1765617988939459,16,1,2,0,0,0,0,1.3844041756940335,4.0,0
1019,18,0,1,3,0.8136142099520923,29,0,2,1,0,0,1,0.4695533233798704,4.0,0
1020,17,0,0,1,0.542330156996654,9,0,2,0,0,1,0,2.3957840945307,3.0,1
1021,16,1,0,3,0.13117764338877522,2,0,3,0,0,0,1,2.778411299920653,2.0,1
1022,15,0,0,2,0.7669848708190495,25,0,1,1,0,0,0,0.3468940367050148,4.0,0
1023,16,1,1,0,0.9334628855454075,29,1,1,0,0,0,0,0.3125462305253549,4.0,0
1024,18,1,3,4,0.9483428905430347,20,0,2,1,0,0,0,1.7701318767799732,4.0,0
1025,18,1,0,1,0.36938901103846067,15,0,2,0,0,0,0,1.5051556220362858,4.0,0
1026,16,1,0,3,0.13561975535426246,5,0,4,0,0,1,0,2.977851918315743,2.0,1
1027,16,0,0,1,0.5189426118126567,2,0,2,0,1,0,0,2.948717671911921,2.0,1
1028,16,1,0,3,0.11268578002255256,8,0,3,0,0,1,0,2.145204720467192,3.0,1
1029,18,0,0,0,0.9350080997831225,10,0,3,1,0,0,0,2.854803928981318,2.0,1
1030,18,0,0,2,0.18373775473106746,20,0,3,1,0,0,0,1.519441725815139,4.0,0
1031,15,0,2,2,0.25300351322631065,12,1,0,0,1,0,0,1.727120309522409,4.0,0
1032,15,0,0,3,0.40705104631821115,17,0,4,0,0,0,1,1.8475354711387904,4.0,0
1033,18,0,0,3,0.383552008108147,25,0,1,0,1,0,0,0.3846169728564877,4.0,0
1034,16,0,3,3,0.7955234275264866,21,0,0,1,1,0,0,0.94940609779728,4.0,0
1035,16,0,0,3,0.4567884448427755,27,1,2,1,1,0,0,1.1409594184203395,4.0,0
1036,15,0,3,1,0.170911661393022,23,0,1,0,0,0,0,0.2614722600507521,4.0,0
1037,18,0,0,1,0.26746415141280677,26,1,1,0,0,0,0,0.2182848568210317,4.0,0
1038,15,0,2,1,0.5096456963258532,21,1,1,0,1,0,0,1.0677635510419796,4.0,0
1039,15,1,1,1,0.14757052021747574,3,1,1,1,1,0,0,3.0189058584279675,1.0,2
1040,17,1,2,1,0.6123058537002232,21,1,3,1,1,0,0,1.5268678317927231,4.0,0
1041,17,1,3,2,0.566344715373714,23,1,1,0,0,0,0,1.0582873996898603,4.0,0
1042,17,0,0,1,0.715470941076198,7,0,2,0,0,0,0,2.625128097732231,2.0,1
1043,16,1,3,2,0.9387295693702155,12,1,4,0,0,0,0,2.8087548220286536,2.0,1
1044,18,1,0,1,0.913250261606507,9,0,2,0,1,0,0,2.888891669272444,2.0,1
1046,18,0,0,2,0.24494399694923896,7,0,4,0,0,1,0,2.515300272256249,2.0,1
1047,18,0,1,2,0.1316636463165925,5,0,1,1,0,0,0,2.5637654300150947,2.0,1
1048,17,0,0,2,0.3025712638528064,15,0,2,0,0,0,0,1.7036118032323682,4.0,0
1049,16,0,1,2,0.8960611379718058,17,0,3,0,0,1,0,2.0998851567205854,3.0,1
1050,16,1,1,1,0.9731179108034398,16,0,4,1,0,0,0,2.4610469629080955,3.0,1
1051,17,1,2,2,0.860259811800696,5,0,3,0,0,0,0,2.935477191694632,2.0,1
1052,16,1,2,0,0.1100912929998345,12,1,1,1,0,1,0,1.9863780592187463,4.0,0
1053,17,1,0,1,0.94846412856253,22,0,4,0,0,1,0,1.5715441913992825,4.0,0
1054,18,0,0,2,0.42379176726057294,13,0,1,0,1,0,0,1.6643106896610833,4.0,0
1055,17,0,0,0,0.009268104792976873,29,1,2,1,1,0,0,0.7562591665741925,4.0,0
1056,18,0,0,1,0.44284936119936164,25,0,2,0,1,0,0,0.8027695392342074,4.0,0
1057,18,1,0,4,0.046069236084784956,20,0,2,0,1,1,0,1.3423871779577343,4.0,0
1058,15,0,0,4,0.5444501922868725,29,0,3,1,0,0,0,0.2865712882866222,4.0,0
1059,17,0,0,1,0.3388902896536909,9,1,3,0,1,0,0,2.61383869367367,2.0,1
1060,15,1,3,0,0.4739262342474978,23,0,3,0,1,0,0,0.9290125546259368,4.0,0
1061,17,1,1,1,0.6138222798473858,10,0,0,1,0,1,0,1.892758695926592,4.0,0
1062,17,0,0,1,0.8697468488730585,12,0,2,0,0,1,0,2.331261549308754,3.0,1
1063,15,0,1,3,0.6626095095200956,11,0,3,0,1,0,0,2.234238472600233,3.0,1
1064,15,0,0,1,0.43449489694195054,8,0,2,0,1,0,0,2.3858282190764624,3.0,1
1065,17,0,0,2,0.8203168548064409,3,1,4,0,0,0,0,3.347356743507809,1.0,2
1066,16,0,1,1,0.9065701684820743,6,1,3,1,0,0,0,3.2618553073332905,1.0,2
1067,18,0,0,4,0.11984473649796178,23,0,3,0,1,0,0,1.0396238791477144,4.0,0
1069,18,1,3,2,0.28478610347296107,21,1,3,0,0,1,0,1.3299645378768772,4.0,0
1070,16,1,2,1,0.04706240456998624,1,0,4,0,0,1,0,3.283916521897384,1.0,2
1071,16,0,1,2,0.6692622663730454,6,0,2,1,0,0,0,2.937454182316864,2.0,1
1072,16,1,1,1,0.8637095989838386,28,0,3,0,0,1,1,0.7388682028052602,4.0,0
1073,15,0,1,1,0.1630370147713448,8,0,2,1,1,0,0,2.556801662833417,2.0,1
1074,16,0,0,3,0.8132945963142121,4,1,2,0,0,0,0,3.300928568970799,1.0,2
1075,15,1,0,3,0.8543237789465644,14,0,3,1,0,1,0,2.200682946560561,3.0,1
1076,16,0,0,3,0.9153385407818929,17,0,3,0,1,0,0,1.8558655731681932,4.0,0
1077,18,0,0,2,0.2655371325500732,3,0,3,0,0,0,0,2.734401494419992,2.0,1
1078,18,1,1,3,0.9049392235666623,18,1,1,1,1,0,0,2.1317372971872284,3.0,1
1079,17,1,0,0,0.32097845188547947,19,0,1,0,0,0,0,0.9797699107752862,4.0,0
1080,18,1,3,1,0.5529200090079536,25,0,3,0,1,0,0,0.994325023551287,4.0,0
1081,17,0,3,1,0.050512638833018535,6,0,1,0,1,0,0,2.0746999767813343,3.0,1
1082,18,1,2,2,0.043878639694828865,25,0,2,0,0,0,0,0.500508035804656,4.0,0
1083,15,1,1,1,0.7211483558202619,7,0,0,1,1,0,0,2.532438417587673,2.0,1
1084,18,0,2,1,0.4449379964478345,16,0,1,0,1,0,0,1.4633780357856976,4.0,0
1085,17,1,0,2,0.25653408218651014,12,0,3,1,1,0,0,2.342836773191855,3.0,1
1086,17,1,2,3,0.19057947856985527,23,0,3,0,0,0,0,1.1588463344506037,4.0,0
1087,16,1,0,1,0.6706706791552589,20,1,1,1,0,1,1,1.5237487447337323,4.0,0
1089,18,0,0,1,0.8067646106331909,22,0,0,1,0,1,0,1.0586220144439875,4.0,0
1090,16,0,2,1,0.07928781168841952,10,0,2,0,0,1,1,2.2297401841747666,3.0,1
1091,18,0,3,1,0.19165683439455777,26,0,1,0,0,0,1,0.1947432807455151,4.0,0
1092,18,1,0,2,0.3866274658647189,0,0,2,1,1,0,0,3.5069200713692137,0.0,2
1093,16,0,0,2,0.48536317142786206,1,1,3,0,0,0,0,3.552286943350944,0.0,2
1094,16,0,3,2,0.35535027618832676,16,1,3,0,1,0,0,2.23849135429023,3.0,1
1095,16,1,0,1,0.32102791892779636,4,0,1,1,1,0,0,2.7084723438568763,2.0,1
1096,16,1,2,3,0.964971094672197,29,0,3,0,0,0,1,0.7329082339013866,4.0,0
1097,16,1,1,1,0.6422642553524867,29,0,4,0,0,1,0,0.9654824453045304,4.0,0
1098,18,0,0,2,0.023407002650784783,5,0,2,0,1,0,0,2.5552328599380942,2.0,1
1099,16,0,0,3,0.4306174851462542,25,0,2,1,0,1,1,0.7443222999212357,4.0,0
1100,15,0,0,1,0.8759615881101761,24,0,2,0,0,0,0,0.7220565813951911,4.0,0
1101,17,1,2,1,0.30174980662966966,23,1,1,1,1,0,1,1.2712295298373406,4.0,0
1102,16,1,0,3,0.0946121446158631,6,0,3,1,0,1,1,2.52614214142023,2.0,1
1103,16,0,1,1,0.7592036069457254,27,0,3,1,1,0,0,0.9424153953595232,4.0,0
1104,18,1,0,2,0.6066575249906381,20,1,2,0,1,0,0,1.515639098395023,4.0,0
1105,16,1,1,0,0.5709151641054364,29,0,3,1,0,0,0,0.6482739267081915,4.0,0
1106,16,1,2,2,0.05358525536266261,14,0,3,0,1,1,1,2.0488500821388604,3.0,1
1107,16,0,3,1,0.1406076182899786,18,0,0,1,0,0,1,0.8422959992571388,4.0,0
1108,18,1,0,0,0.6232120960204448,15,0,1,0,1,0,0,1.4641879236906472,4.0,0
1109,16,1,2,2,0.20800983627102684,24,1,3,1,1,0,0,1.487946865169799,4.0,0
1110,17,0,2,1,0.5045965938750516,12,1,4,0,0,0,0,2.587565796370635,2.0,1
1111,18,0,1,1,0.545455110929545,4,1,3,0,0,0,0,3.2208069781948727,1.0,2
1112,17,1,3,0,0.2837801790723218,2,1,4,0,0,1,0,3.5451594318003106,0.0,2
1113,18,1,0,1,0.9494624322237862,2,0,2,0,0,0,0,3.0895989530746477,1.0,2
1114,16,0,0,1,0.843379586920988,18,1,1,0,1,1,0,1.919956439918208,4.0,0
1115,17,0,2,0,0.723150949953591,13,1,2,0,0,0,0,2.198593184586961,3.0,1
1116,18,1,0,3,0.07803062856179542,15,0,0,0,0,0,1,0.8782126167627767,4.0,0
1117,15,1,2,0,0.10619912247458306,21,0,3,1,0,1,0,1.340368647512407,4.0,0
1118,16,1,2,2,0.4932948841916367,16,0,4,0,0,0,0,1.8195113357139088,4.0,0
1119,18,1,0,1,0.16084519299480465,26,0,3,0,1,0,0,0.6193509314675341,4.0,0
1120,15,0,2,1,0.9793370400606948,3,0,2,1,0,1,1,3.619460869693516,0.0,2
1121,18,1,0,3,0.1586495569618453,12,1,1,1,1,0,0,2.17490279620988,3.0,1
1122,15,1,1,1,0.4879752661927006,7,1,1,0,1,1,0,2.974406014911044,2.0,1
1123,16,0,1,4,0.36448670700033536,18,0,2,0,0,0,0,0.9807358437488028,4.0,0
1124,17,1,3,1,0.6400684745275678,4,0,3,0,0,0,0,3.101673809015105,1.0,2
1125,15,0,0,2,0.12913184173303324,1,1,2,1,0,1,0,3.4982573417733205,1.0,2
1126,18,1,0,2,0.4307581662641455,14,0,4,1,0,0,0,2.590553445052984,2.0,1
1127,16,1,1,3,0.27496790399608834,1,0,3,1,0,0,0,3.5350037581843186,0.0,2
1128,15,0,2,2,0.8887190602382548,10,1,1,0,1,0,0,2.8199217452931866,2.0,1
1129,18,0,1,2,0.04057947560084833,12,1,1,1,1,0,0,2.0165967745176614,3.0,1
1130,18,1,0,1,0.9147248875699434,22,1,3,0,0,0,0,1.3711850388917164,4.0,0
1131,18,1,0,1,0.8338987334129134,9,0,1,0,0,0,0,2.1047955879699045,3.0,1
1132,15,1,0,3,0.2978598705184814,2,0,3,0,0,0,0,3.030439088696523,1.0,2
1133,15,0,2,1,0.7901450147038134,4,1,2,0,1,0,0,3.58242187231196,0.0,2
1134,15,1,0,1,0.031196551014256193,2,0,1,1,0,0,0,2.4265467060392454,3.0,1
1135,17,0,0,2,0.9679240232299081,5,1,2,1,0,0,0,3.161436270258364,1.0,2
1136,15,0,3,1,0.5271473478497413,12,0,2,1,0,0,0,2.122638529628868,3.0,1
1137,15,1,0,4,0.30357674384069544,9,0,3,0,1,0,0,2.204860580997317,3.0,1
1138,15,0,3,2,0.3629470950832349,18,0,0,1,0,1,1,1.182987500498048,4.0,0
1139,17,1,1,2,0.06642879523282594,7,0,3,1,0,0,0,2.7387957163436,2.0,1
1140,15,1,2,3,0.9904338311005438,17,1,3,0,0,0,0,2.2379013009826028,3.0,1
1141,18,1,0,0,0.039284221500421955,2,0,3,1,0,0,0,3.139481546380388,1.0,2
1142,15,1,0,1,0.6556070164434724,23,1,0,1,1,0,0,1.0460447710800969,4.0,0
1143,18,1,2,2,0.44319194148335805,23,1,3,0,0,0,0,0.8164582452137992,4.0,0
1144,18,0,2,1,0.9499540593214366,16,0,2,1,0,1,0,2.03354462052118,3.0,1
1145,18,0,2,2,0.24622961628682397,7,1,2,1,1,0,0,2.432078522782237,3.0,1
1146,17,1,0,3,0.5326455418238466,9,0,3,1,0,0,0,2.6597713195279016,2.0,1
1147,17,1,2,2,0.4828577637679071,1,1,2,1,0,0,1,3.588887939765012,0.0,2
1148,17,0,2,1,0.7036214640375127,11,0,3,0,1,0,0,2.3145876278110027,3.0,1
1149,15,0,1,4,0.06803551844732507,22,0,1,1,1,0,1,1.00722582021403,4.0,0
1150,18,0,2,2,0.19395899268026887,5,0,3,1,0,0,0,2.8816123214605245,2.0,1
1151,17,0,2,2,0.21475856330190266,1,0,1,0,1,1,0,2.804504928911685,2.0,1
1152,17,1,1,1,0.7389463322700679,20,1,3,0,1,0,0,1.7629211240998668,4.0,0
1153,15,1,0,3,0.18930321355714894,22,0,4,1,0,0,1,1.11991126295732,4.0,0
1154,17,0,0,2,0.5740980745558746,23,0,2,0,0,0,0,1.0306575057198797,4.0,0
1155,15,1,0,2,0.21543834418490743,2,0,2,1,0,0,0,3.0756193536614336,1.0,2
1156,16,0,0,3,0.8625624545408893,16,1,3,1,1,0,0,2.631434065124418,2.0,1
1157,17,1,0,1,0.9432155589670231,28,0,0,0,1,1,1,0.5030669073279145,4.0,0
1158,16,0,0,2,0.5190360674207546,6,0,2,0,0,0,0,2.784237837142815,2.0,1
1159,15,1,0,3,0.35266095690302507,28,0,2,0,0,0,0,0.2476267650865634,4.0,0
1160,18,0,0,1,0.2342739243427801,20,0,3,0,0,0,1,1.189548769618786,4.0,0
1161,17,0,2,2,0.04978533448589894,4,1,3,1,0,0,1,3.3759940088028397,1.0,2
1162,15,1,3,3,0.268755815118422,22,1,3,0,0,0,0,1.293573556445951,4.0,0
1163,18,0,0,2,0.6549349015675815,0,1,3,0,0,1,1,3.7185869042869646,0.0,2
1164,18,1,3,2,0.5341774079721906,7,0,3,1,0,0,0,2.670559614819829,2.0,1
1165,16,1,1,3,0.9450735159291794,11,1,2,1,0,0,0,2.369648013449619,3.0,1
1166,15,0,0,3,0.39667987450080106,13,0,2,0,1,0,0,1.6244868202221543,4.0,0
1167,18,1,0,1,0.6946080137286177,15,1,2,1,1,0,0,2.5374768278143587,2.0,1
1168,17,1,1,0,0.4898323103266726,9,0,4,0,1,0,0,2.298417928509479,3.0,1
1169,17,1,2,2,0.5131125074025304,14,0,3,1,0,0,0,2.2598041504961186,3.0,1
1170,16,1,2,2,0.2680292193006447,20,0,2,0,1,0,0,1.3213433008698847,4.0,0
1171,18,1,0,2,0.45542083093913305,23,0,3,0,1,0,0,0.9499742281238568,4.0,0
1172,15,0,0,2,0.47127325170481954,25,0,2,1,0,0,1,0.818786616073051,4.0,0
1173,17,1,0,1,0.7074018821370763,14,1,3,0,0,0,0,2.3392245127535936,3.0,1
1174,18,1,0,2,0.941668327244721,9,0,2,0,1,0,0,2.6827762879633723,2.0,1
1175,18,1,0,1,0.32964692714351096,20,1,1,1,0,0,0,1.543837471085622,4.0,0
1176,16,1,0,2,0.04219608812421187,27,0,3,1,0,0,0,0.1969011048236224,4.0,0
1177,17,1,2,2,0.4968127027303614,6,0,3,0,0,0,0,2.748610257448085,2.0,1
1178,17,0,3,1,0.5450342738748638,25,1,2,1,0,1,0,1.1048937876999445,4.0,0
1179,15,1,0,1,0.16858127694389957,2,0,2,1,0,0,0,2.553439811443938,2.0,1
1180,17,0,3,2,0.761285832291366,1,0,3,1,0,0,1,3.2742334588098787,1.0,2
1181,15,0,0,2,0.9860083444785689,5,1,3,0,0,0,0,3.1860603780389143,1.0,2
1182,17,0,0,1,0.9468089471524506,20,0,3,1,0,0,0,1.722115750240589,4.0,0
1183,16,0,0,4,0.19727971409103934,8,0,2,1,1,0,0,2.3380463575903736,3.0,1
1184,17,1,1,2,0.8763165357920438,9,1,4,1,1,0,0,3.273998748434336,1.0,2
1185,15,0,3,4,0.7052505267702798,3,0,3,0,0,0,0,2.993502391205279,2.0,1
1186,15,0,1,2,0.45431534866981643,26,1,3,1,0,0,0,0.8963978990233954,4.0,0
1187,16,1,0,2,0.5411795102916235,2,0,3,0,0,0,0,2.9610552588035977,2.0,1
1188,17,1,1,3,0.850523857599141,8,0,1,1,0,0,0,2.6743510954520984,2.0,1
1189,17,1,0,2,0.48063394159286865,23,0,0,1,1,0,0,1.2178731513333656,4.0,0
1190,16,0,2,2,0.37358346349724264,21,1,3,0,0,0,0,1.36559111032951,4.0,0
1191,17,1,1,1,0.49376156716406683,16,0,2,0,0,0,1,1.5222748446854282,4.0,0
1192,17,1,0,2,0.5797425953276023,13,1,3,0,0,0,0,2.2314023973705024,3.0,1
1193,15,0,1,1,0.1892421008435909,9,0,2,1,0,0,0,2.135266354890094,3.0,1
1194,17,1,1,1,0.9018903881930369,12,0,2,0,0,0,0,2.255698914963147,3.0,1
1195,17,1,0,0,0.674909003260712,11,1,1,1,0,1,0,2.751145787611705,2.0,1
1196,16,1,1,0,0.6339439386649358,26,0,3,1,1,0,0,0.8976341586164038,4.0,0
1197,16,1,0,4,0.09955770415338504,0,0,1,1,0,0,1,3.117354434785501,1.0,2
1198,18,0,2,1,0.604815516367002,27,0,3,1,0,1,0,1.2875951312580094,4.0,0
1199,15,1,2,2,0.12104681244030577,21,0,2,0,0,0,0,0.5710530980330257,4.0,0
1200,17,1,2,3,0.07873524633859885,28,0,3,1,0,0,0,0.5813557994949716,4.0,0
1201,17,0,1,2,0.5278641238523479,18,0,1,0,0,1,0,1.6434624040739565,4.0,0
1202,18,1,1,1,0.40319562696803096,18,0,1,0,0,0,0,1.2348440407820207,4.0,0
1203,17,0,0,2,0.5894341886303603,5,0,3,0,1,0,1,2.968093619579765,2.0,1
1204,15,1,2,2,0.08927183654592638,12,0,2,1,0,0,0,2.009298479722319,3.0,1
1205,18,0,0,2,0.43142556733030984,18,0,1,1,0,0,0,1.146086034129592,4.0,0
1206,15,0,0,2,0.17493473543545496,12,1,4,0,0,0,0,2.1923631978552875,3.0,1
1207,18,0,0,4,0.9881818173844884,26,1,1,1,0,0,0,0.94573087329995,4.0,0
1208,18,0,0,2,0.561742337142252,25,0,2,1,0,0,0,0.5672500284902902,4.0,0
1209,16,1,1,1,0.6881741454421076,21,0,1,0,0,0,0,0.9707643470928292,4.0,0
1210,15,0,0,2,0.3257394440561186,20,1,2,1,0,1,1,1.6560601255004677,4.0,0
1211,17,1,2,0,0.09479492447534169,3,0,2,0,0,1,0,2.8393132491560324,2.0,1
1212,17,0,0,3,0.9769396868484,23,0,1,0,0,1,1,0.189818059909026,4.0,0
1213,15,0,0,1,0.28653518728434524,1,0,3,1,0,0,0,3.25829468502287,1.0,2
1214,17,0,1,1,0.42424244251586635,14,1,2,0,0,0,0,1.9200558526588956,4.0,0
1215,17,1,0,3,0.6505580181060199,11,0,3,0,0,0,0,2.0217714943693785,3.0,1
1216,15,0,0,2,0.024672798263841896,29,1,1,1,0,0,0,0.1259330746249498,4.0,0
1217,18,1,2,1,0.811137592693137,26,1,2,1,0,0,0,1.2870134123902284,4.0,0
1218,15,1,0,2,0.5371420705011972,6,0,0,1,0,1,0,2.591426703229313,2.0,1
1219,18,1,2,3,0.27848409529252643,19,1,3,0,0,0,0,1.4633796485356,4.0,0
1220,17,1,0,1,0.06162591274492289,17,0,3,0,0,0,0,1.465549386433812,4.0,0
1221,17,1,0,3,0.1626323111171313,22,0,3,1,1,0,1,1.710466837709535,4.0,0
1222,17,1,2,0,0.8960097650763109,12,0,2,0,1,0,1,2.288505685252231,3.0,1
1223,16,1,0,2,0.6867598846859327,16,0,3,0,0,1,0,1.9609688486532324,4.0,0
1224,18,1,0,3,0.25013608273718596,3,0,3,0,0,0,0,2.6216233262773407,2.0,1
1225,16,1,0,1,0.065623281885599,24,0,0,1,0,0,0,0.7683163859836675,4.0,0
1226,16,0,0,2,0.6913562503489755,13,0,1,0,0,1,0,1.8064063454058108,4.0,0
1227,15,0,2,1,0.573012790588654,19,0,2,0,0,0,0,0.88186635307777,4.0,0
1228,16,0,0,2,0.4049316105096405,27,0,3,0,1,0,0,0.8170682206563473,4.0,0
1229,15,0,2,2,0.3639765135819686,12,1,0,0,0,0,0,1.4461325277019692,4.0,0
1230,15,0,2,2,0.21701060476815473,2,0,3,0,1,0,0,3.339094362200312,1.0,2
1231,16,1,0,1,0.670328051453385,25,0,2,0,0,0,0,0.8196254779474454,4.0,0
1232,18,1,3,1,0.9717308714762858,25,0,2,0,0,0,0,0.6768179731112823,4.0,0
1233,18,1,0,0,0.1758643335239447,17,0,1,0,1,0,1,1.3895448744649723,4.0,0
1234,18,1,3,1,0.5977500861975739,13,0,2,0,1,0,1,1.9915084140251773,4.0,0
1235,18,1,0,2,0.42461974628097204,14,0,0,0,1,0,0,1.6398675504146123,4.0,0
1236,18,1,1,3,0.4471492790483408,2,0,0,0,1,0,0,2.511743020605421,2.0,1
1237,16,1,0,2,0.2543865212720735,0,0,3,0,0,1,0,2.9839199495864985,2.0,1
1238,16,0,0,2,0.826030436716119,25,1,2,0,0,1,0,1.25865485443205,4.0,0
1239,17,0,1,4,0.4857604920335819,23,1,2,0,0,0,0,1.4179299273727557,4.0,0
1240,18,0,2,2,0.5439775807058223,16,0,1,1,0,1,0,1.5970165723817666,4.0,0
1241,16,0,0,3,0.3050583316237632,2,1,2,0,1,0,0,3.08869986818596,1.0,2
1242,17,1,0,2,0.18196455718659402,13,0,0,1,1,0,0,1.6413414427787147,4.0,0
1243,18,1,2,1,0.08595624997648597,2,0,2,0,1,0,0,2.5868706562634283,2.0,1
1244,15,1,1,0,0.7148870952896461,12,1,2,0,0,0,0,2.389032645212185,3.0,1
1245,17,0,3,2,0.1964069549167225,14,0,2,1,0,0,0,1.8981464002812247,4.0,0
1246,16,1,2,1,0.6908156714978708,17,0,4,0,1,0,0,2.1104879749817496,3.0,1
1247,15,1,3,1,0.390772275381,13,0,2,0,0,0,0,1.7002735894049137,4.0,0
1248,15,1,2,2,0.41619982438355413,20,0,2,1,0,0,0,1.0444999950877136,4.0,0
1249,15,0,0,2,0.46966390304796624,25,0,2,0,1,0,0,1.1941661337644758,4.0,0
1250,17,1,0,2,0.3680782818710625,2,0,1,0,0,1,0,2.6491368281965504,2.0,1
1251,16,0,2,1,0.10068274688746652,18,0,3,0,1,0,0,1.2341413889277302,4.0,0
1252,15,0,1,1,0.30993482766688096,7,0,2,1,0,0,0,2.127408865912826,3.0,1
1253,18,0,0,2,0.6644444004302118,3,1,1,1,0,0,0,2.913887649138132,2.0,1
1254,15,0,0,4,0.6664967976181179,3,0,3,0,0,0,1,3.119393913150377,1.0,2
1255,15,1,3,2,0.2865004192230005,18,1,0,0,0,0,0,1.0363787383257312,4.0,0
1256,17,0,1,3,0.46057860243240534,10,0,4,1,0,0,1,2.403284547023526,3.0,1
1257,17,0,0,2,0.19361669767065107,0,1,3,0,0,0,0,3.1565080639094454,1.0,2
1258,16,1,0,2,0.210561005408627,7,1,2,0,1,1,0,2.723471858740064,2.0,1
1259,18,1,0,1,0.02302069215642966,14,0,1,1,1,0,0,1.5309511463109082,4.0,0
1260,17,0,0,2,0.8977244247780082,0,0,1,0,0,0,0,3.468581349135728,1.0,2
1261,15,1,0,2,0.2108959735397095,6,0,1,1,0,0,0,2.3020320443414053,3.0,1
1262,16,0,0,2,0.2277425273874469,20,1,1,1,0,0,0,1.265677909199434,4.0,0
1263,15,0,2,2,0.2798699319855955,19,0,2,1,1,0,1,1.479602227739032,4.0,0
1264,15,0,0,2,0.12750163285192945,19,0,4,0,0,1,1,1.4450767191993792,4.0,0
1265,17,0,2,1,0.6399447942541503,23,0,2,0,0,0,0,0.8094338103684621,4.0,0
1266,16,1,2,2,0.07517643835665226,10,1,3,0,0,0,0,2.1502332699887816,3.0,1
1267,18,0,0,1,0.13430379723258565,26,0,3,0,0,0,0,0.5591437155118445,4.0,0
1268,18,1,1,3,0.6454449525440481,28,0,3,0,0,0,0,0.5807884851770568,4.0,0
1269,17,1,0,1,0.3399981546680051,13,0,0,0,1,1,1,1.602089195984674,4.0,0
1270,17,1,2,0,0.7087086874680368,21,1,2,0,1,0,0,1.0027983635819373,4.0,0
1271,16,1,0,2,0.558012587149919,15,0,3,0,0,0,0,1.6630634531990602,4.0,0
1272,18,0,1,2,0.25626256814615905,13,0,3,0,0,0,1,1.5315464597195698,4.0,0
1273,18,1,1,2,0.6515231549926546,11,0,4,0,0,0,0,2.205842147030335,3.0,1
1274,18,0,0,1,0.11635444305791814,16,0,3,0,0,0,1,1.155338560965664,4.0,0
1275,15,1,0,2,0.5369740706674337,13,1,1,0,0,0,0,2.153758339869399,3.0,1
1276,18,1,1,1,0.4375976959166079,9,0,2,1,0,0,1,2.592786686317039,2.0,1
1277,15,0,2,3,0.2681286016175061,23,0,0,1,1,0,0,0.9123305070955544,4.0,0
1278,16,0,0,3,0.6046463817458565,28,1,3,0,0,0,0,0.6956309334599464,4.0,0
1279,15,0,1,2,0.8722822563657481,13,1,2,0,0,0,0,2.139619891368985,3.0,1
1280,16,1,0,1,1.0,17,0,3,0,0,0,0,1.5504493308923313,4.0,0
1281,18,1,2,2,0.6084084721079387,21,0,4,0,0,0,1,1.5475367003506038,4.0,0
1282,18,0,0,0,0.40511817457985344,8,1,3,0,0,1,0,2.966548034294946,2.0,1
1283,16,0,2,2,0.22541307616094272,16,0,2,1,0,0,1,1.6336793710032238,4.0,0
1284,17,0,0,1,0.2573387200389841,5,1,1,0,0,0,0,2.3325403195354064,3.0,1
1285,16,0,0,3,0.47995319852464924,7,1,3,1,1,1,0,3.270262309404739,1.0,2
1286,17,1,0,0,0.36764697983464234,25,0,1,0,0,0,0,0.3464705925902769,4.0,0
1287,15,0,0,2,0.9148120162232025,12,1,1,0,0,0,0,1.8949043363401072,4.0,0
1288,15,0,1,2,0.3686659160780274,17,0,1,0,0,0,0,1.4567426010872695,4.0,0
1289,15,0,0,2,0.3738209582116855,4,0,2,1,0,0,0,2.5537231512721896,2.0,1
1290,18,0,2,0,0.3839224773287757,5,0,1,0,0,0,0,2.224197461212005,3.0,1
1291,15,1,0,4,0.8375289732045067,20,1,4,0,1,1,0,1.8476004181084256,4.0,0
1292,17,0,0,2,0.6514834797980593,18,0,4,1,0,0,0,1.849760707133483,4.0,0
1293,15,1,0,2,0.6148219171338895,3,0,4,0,0,1,0,3.268794215560215,1.0,2
1294,16,0,0,1,0.3344742143845039,6,1,0,0,0,0,1,2.546516637246023,2.0,1
1295,16,0,0,2,0.8187914265829271,3,0,4,0,0,0,0,3.1012292205041274,1.0,2
1296,18,1,0,2,0.038355070922407725,24,0,4,0,0,1,0,0.6559540779626771,4.0,0
1297,16,0,0,0,0.8717452197772806,10,1,4,0,1,0,0,3.088512305616677,1.0,2
1298,17,1,0,1,0.5132863909126306,11,1,3,0,0,0,0,1.992559805482,4.0,0
1299,15,1,1,3,0.3986551146994511,13,1,3,0,1,0,0,2.605247445547851,2.0,1
1300,18,0,1,1,0.4976858604435009,12,1,1,0,0,0,0,1.7339724542334658,4.0,0
1301,15,1,0,1,0.6681298015792932,28,0,3,1,0,0,0,1.11384878785912,4.0,0
1302,15,1,0,2,0.012727212043536173,9,0,0,1,0,0,0,1.6492502516618042,4.0,0
1303,17,1,3,2,0.8725007713667229,17,0,2,0,0,0,0,1.3375549802098765,4.0,0
1304,16,1,1,0,0.44720014101107,15,0,4,0,0,0,0,1.9846599185571745,4.0,0
1305,16,1,1,2,0.3433078538421843,4,0,2,0,1,1,0,3.060881655966949,1.0,2
1306,15,1,0,1,0.1383515839141568,7,1,1,0,0,0,0,2.3928973584250004,3.0,1
1307,18,1,2,0,0.4399176288079988,13,0,4,0,0,0,0,2.0837969900967988,3.0,1
1308,16,1,2,0,0.49684038029146044,4,0,4,0,1,0,1,3.64573804877044,0.0,2
1309,18,0,1,3,0.4040577772732032,25,0,1,1,0,0,0,0.322286081625407,4.0,0
1310,16,0,3,1,0.6793872899005581,27,0,3,0,1,0,0,1.129514334361546,4.0,0
1311,18,1,0,0,0.4213274393071358,23,0,2,1,0,0,0,0.6307569438666114,4.0,0
1312,17,0,0,2,0.9624697886281544,7,0,2,0,0,1,1,3.157229638804093,1.0,2
1313,18,1,2,3,0.5999134678429067,24,0,1,0,0,0,0,0.680087787496653,4.0,0
1314,17,1,2,1,0.8083532009919973,25,0,0,0,0,0,0,0.7963598478866475,4.0,0
1315,17,0,0,2,0.10942871425711348,5,1,1,0,1,0,0,2.844039214925591,2.0,1
1316,18,1,0,0,0.3976950705291484,15,1,0,0,1,0,0,1.253451854215859,4.0,0
1317,17,1,0,2,0.33718200233270623,27,0,4,0,0,0,0,0.534508880538856,4.0,0
1318,15,1,0,2,0.5700840902370364,3,1,3,1,0,0,0,3.191046118219917,1.0,2
1319,17,1,2,2,0.8620504366566927,11,0,3,0,0,1,0,2.81542127530912,2.0,1
1320,16,0,1,1,0.07837537572798102,10,0,3,0,0,0,0,2.1571223032650955,3.0,1
1321,18,1,0,1,0.07260533126587056,2,0,1,1,0,0,0,2.7238280604010647,2.0,1
1322,15,1,0,1,0.8512422155405516,11,0,4,1,0,0,0,2.627693905554347,2.0,1
1323,18,1,0,1,0.21304185825170055,29,1,3,1,1,0,0,0.9124156208354256,4.0,0
1324,16,0,0,0,0.669469063137858,4,0,2,0,0,0,0,2.609623081817451,2.0,1
1325,16,1,1,2,0.5434492542824426,5,1,1,0,1,0,0,2.981992255406158,2.0,1
1326,16,0,3,4,0.8337980741775395,18,0,3,0,0,0,0,1.625082773696198,4.0,0
1327,17,0,2,4,0.12517980523953995,17,0,3,0,1,0,0,1.3616984178594074,4.0,0
1328,17,1,0,3,0.12987925669364256,15,1,3,0,0,0,0,1.9169618961294344,4.0,0
1329,18,1,2,2,0.557405505751437,22,0,0,0,0,0,0,1.011253194616751,4.0,0
1330,18,0,2,2,0.9474135776951141,10,0,1,1,1,0,0,2.3321590405051187,3.0,1
1331,15,1,2,1,0.4154218885954427,4,0,2,1,1,1,0,3.387938347765993,1.0,2
1332,15,0,0,2,0.32726501517785916,8,0,3,0,1,0,0,2.384690791358408,3.0,1
1333,18,0,0,2,0.6073337926937663,2,0,0,0,0,0,0,2.7808169956104924,2.0,1
1334,17,1,0,2,0.9314652141322632,29,0,2,0,1,0,1,0.5348357535394734,4.0,0
1335,16,1,0,2,0.8378369492771687,7,0,2,0,0,0,0,2.542214348782037,2.0,1
1336,18,0,0,1,0.9965749786100305,5,0,3,0,0,0,0,3.0071290674312805,1.0,2
1337,15,0,0,1,0.02254163693588508,3,0,2,1,0,0,0,2.9858098143768106,2.0,1
1338,17,0,0,3,0.11293498150108222,11,0,2,0,1,0,0,1.9493060573283008,4.0,0
1339,18,0,2,0,0.6101154265318869,11,0,3,0,0,0,0,2.1478451963634986,3.0,1
1340,18,1,0,2,0.8214667607081334,24,0,4,0,0,0,1,1.1757680252358405,4.0,0
1341,17,1,0,3,0.2855193278721373,20,0,1,1,0,0,0,1.4003632540944204,4.0,0
1342,18,1,3,2,0.2394331608190706,15,0,1,1,0,1,0,1.7555440233413917,4.0,0
1343,17,1,3,2,0.7878274986047109,9,0,4,1,0,1,0,2.900096239205548,2.0,1
1344,16,1,2,1,0.056393774145205765,21,0,2,0,0,0,0,1.0334594906901564,4.0,0
1345,17,0,3,1,0.36975434566047843,13,0,3,0,0,0,1,1.907742363387151,4.0,0
1346,17,1,1,3,0.5063377357712734,12,0,3,0,0,0,0,1.880909289765476,4.0,0
1347,17,1,3,2,0.5609398777319499,8,0,1,0,1,1,0,2.614950353949793,2.0,1
1348,18,1,0,2,0.7293997735577249,6,0,3,1,0,1,0,3.1071355935726115,1.0,2
1349,18,1,0,0,0.3552007120864343,11,0,3,0,0,0,0,1.3864645615000095,4.0,0
1350,17,1,0,0,0.6133357051292222,4,0,2,0,0,0,0,2.8337600718448117,2.0,1
1351,18,0,0,4,0.5859953930905047,17,0,0,0,0,1,0,1.0861513973549914,4.0,0
1352,15,0,0,1,0.5481926686182584,3,0,4,0,0,0,0,2.874037360035303,2.0,1
1353,15,0,1,2,0.641166607011422,1,0,2,0,1,0,0,2.8956713046591838,2.0,1
1354,18,1,2,0,0.259694506454337,2,1,3,0,0,0,0,3.1813076022771107,1.0,2
1355,18,0,1,2,0.08469316517631838,25,0,3,0,0,0,0,0.4712831088434319,4.0,0
1356,17,0,0,3,0.11935588083704185,11,1,2,0,0,0,0,2.2113795279733512,3.0,1
1357,16,1,2,2,0.22478764051898903,2,1,3,1,1,0,0,3.375252255246081,1.0,2
1358,18,1,1,1,0.5007199988253118,3,0,4,0,1,0,0,3.203858190796927,1.0,2
1359,15,1,0,2,0.841355907189752,5,0,2,0,0,1,0,3.3501791105924874,1.0,2
1360,17,0,1,2,0.7020465538786529,11,0,2,0,0,0,0,1.7257915297427142,4.0,0
1361,18,0,0,2,0.7898946768090173,18,0,4,1,0,0,0,2.2166038146961022,3.0,1
1362,15,1,0,3,0.351326164108065,9,0,1,1,0,0,1,2.0046273170074884,3.0,1
1363,15,1,3,2,0.4050659819754864,29,1,0,0,0,0,0,0.7157420455446748,4.0,0
1365,17,0,0,2,0.1920408447837009,16,0,3,1,0,1,0,1.689528158418944,4.0,0
1366,17,1,2,1,0.061234135786255146,15,0,4,1,1,0,1,1.7579788035014272,4.0,0
1367,16,1,2,1,0.5915424318326638,8,0,0,0,0,0,0,2.136399546240388,3.0,1
1368,16,0,0,1,0.9903008477973474,24,1,1,0,1,0,0,0.911568270646688,4.0,0
1369,17,1,0,3,0.16696857918012883,20,1,1,0,0,0,0,1.1378011102056016,4.0,0
1370,17,0,0,2,0.04668559396582031,8,1,3,1,0,0,1,2.34926492736688,3.0,1
1371,18,0,1,2,0.7803748244297396,26,0,3,0,0,0,0,0.6237474365472879,4.0,0
1372,18,0,0,1,0.2528234532280947,22,0,2,0,0,1,0,0.3410294459251265,4.0,0
1373,16,0,0,1,0.8305445491827963,8,0,0,0,0,0,0,2.223813666751698,3.0,1
1374,18,1,3,2,0.7046929171863974,11,0,3,0,0,0,1,2.328240384630152,3.0,1
1375,15,1,1,2,0.9467076508938077,22,1,2,1,0,0,0,1.6230778220088506,4.0,0
1376,18,0,0,1,0.4093443882380793,8,1,1,1,0,0,0,2.200896321528595,3.0,1
1377,18,0,1,2,0.6626778509634691,14,0,4,0,1,0,0,2.5841106550638626,2.0,1
1378,15,0,1,0,0.46533621903687244,1,0,1,1,0,0,0,2.9965033042477023,2.0,1
1379,16,0,0,1,0.6312606378654394,10,0,3,0,0,1,0,2.373993481435845,3.0,1
1380,15,0,0,2,0.45006280841363583,10,1,3,1,0,0,0,2.8304044557095467,2.0,1
1381,18,1,2,1,0.188796181517223,7,0,2,1,1,0,1,2.5251155338354896,2.0,1
1382,16,1,0,4,0.5084283294497266,22,0,1,1,0,0,0,1.0429816505882752,4.0,0
1383,18,1,1,1,0.529138893244771,5,0,2,1,0,0,1,2.661096903670216,2.0,1
1384,15,1,0,1,0.8114827066707454,20,0,3,0,0,0,0,1.599593887728051,4.0,0
1385,15,0,0,1,0.7363132601202856,19,1,1,1,0,0,0,1.7994091491725042,4.0,0
1386,18,0,0,2,0.6645017294987787,6,0,3,0,0,0,0,2.6576385566960075,2.0,1
1387,17,0,0,2,0.11346454034178524,2,0,4,0,0,0,0,2.998484061883098,2.0,1
1388,17,0,0,2,0.7213917131569441,7,0,4,0,0,1,0,2.977408432892682,2.0,1
1389,15,0,0,0,0.5008273429016918,17,0,2,0,0,0,0,1.3751641369478076,4.0,0
1390,15,1,2,0,0.8950743683746661,16,0,3,1,0,0,1,1.84886644019124,4.0,0
1391,17,0,3,2,0.9208753892521124,10,0,4,0,0,0,0,2.442456200129272,3.0,1
1392,17,1,2,3,0.05516710251873758,1,0,2,1,0,0,0,2.8560385143532114,2.0,1
1393,18,1,2,3,0.8215319565819164,24,1,1,1,0,0,0,1.206150230255099,4.0,0
1394,18,1,0,0,0.03768783391644235,20,0,1,1,1,0,0,0.8959029903990774,4.0,0
1395,17,1,3,2,0.36753878002181095,26,0,1,0,0,0,0,0.2731909291583428,4.0,0
1396,18,0,0,3,0.5428704329822556,23,0,3,0,0,1,0,0.66750896106505,4.0,0
1397,18,1,3,1,0.14821814497404676,18,0,2,0,0,0,0,1.0894406041524294,4.0,0
1398,16,1,3,3,0.7471187729986943,6,0,3,0,0,0,0,2.813211008121627,2.0,1
1399,18,1,2,1,0.008311419806736681,17,1,3,1,0,0,1,1.8687585897071977,4.0,0
1400,15,0,3,3,0.16873995643025064,7,0,3,1,1,0,0,3.0356935955108426,1.0,2
1401,18,0,1,2,0.5814115373036552,13,0,3,0,0,0,1,2.13535680128746,3.0,1
1402,18,0,0,3,0.7151558249378329,6,0,0,1,0,1,0,3.038116129209991,1.0,2
1403,17,1,0,2,0.9176438475947107,27,0,3,0,1,0,0,0.9941294103867458,4.0,0
1404,15,1,1,1,0.7062546952062828,20,0,2,0,0,0,0,1.2325571657328191,4.0,0
1405,18,0,0,3,0.6724985571873375,27,0,2,0,1,0,0,0.8644037429995793,4.0,0
1406,18,1,1,1,0.39474153289710634,26,0,0,0,0,0,0,0.1152318548488273,4.0,0
1407,16,0,3,1,0.0012330142516669847,3,0,4,1,0,0,0,2.934586305266487,2.0,1
1408,18,0,0,2,0.12024448776667905,16,0,4,1,0,0,0,2.0469388171096283,3.0,1
1409,18,1,2,2,0.5351160991558704,4,0,2,1,0,0,0,3.065473133634235,1.0,2
1410,16,1,3,3,0.675853024131528,11,0,2,0,1,0,0,2.437026300114272,3.0,1
1411,17,1,3,1,0.4178752308700719,8,0,3,0,1,0,0,2.427614635957672,3.0,1
1412,18,1,3,2,0.7314660005847257,25,0,1,0,0,0,0,0.7771509547591905,4.0,0
1413,16,0,1,2,0.5224092606655043,19,1,1,1,1,1,0,1.879575445166732,4.0,0
1414,15,0,3,0,0.07420856953688969,12,0,3,0,0,0,0,1.596574874404599,4.0,0
1415,17,0,2,1,0.19218407579456326,24,0,1,0,1,0,0,0.7045952434646587,4.0,0
1416,15,0,0,1,0.840910868927154,27,0,2,1,1,0,0,0.7641866973896485,4.0,0
1417,15,0,0,1,0.7256931076655695,17,1,2,1,0,0,0,1.503416679305313,4.0,0
1418,16,1,2,4,0.8957375807331296,19,1,2,1,0,0,0,1.5258378621561266,4.0,0
1419,18,0,0,2,0.11763948728015929,8,0,1,1,1,0,0,2.2708411075244164,3.0,1
1420,16,0,1,2,0.9913078551643529,3,0,2,0,0,0,0,3.402352538644452,1.0,2
1421,16,0,1,4,0.2095945281899716,20,1,2,0,1,0,0,1.4382049683676248,4.0,0
1422,16,1,0,1,0.011740528974642015,26,0,2,0,0,1,0,0.3365712986081556,4.0,0
1423,16,1,1,3,0.9985165360852524,7,0,3,0,0,0,0,3.1122811365205387,1.0,2
1425,18,1,0,3,0.6687344177342566,16,0,1,0,0,0,0,1.655613322522051,4.0,0
1426,15,0,0,1,0.17683251345711,24,0,3,1,0,0,1,1.0504696915596752,4.0,0
1427,15,0,0,3,0.5808425864213554,8,1,1,0,0,1,0,2.5353912836886785,2.0,1
1428,18,1,0,1,0.9050212389954747,19,0,2,0,0,0,1,1.3960904942452492,4.0,0
1429,15,1,3,1,0.320496311018457,12,0,2,1,1,0,0,2.025416982399455,3.0,1
1430,18,0,0,2,0.6709715097321587,1,0,2,0,0,0,0,3.2683025478531924,1.0,2
1431,15,0,1,1,0.18806668633832996,12,0,3,1,1,0,0,2.017218038843316,3.0,1
1432,16,1,0,2,0.6254606801866297,8,0,2,1,0,0,0,2.3976825794915584,3.0,1
1433,15,1,0,2,0.3367841959707714,29,0,2,1,0,0,0,0.2878673233291232,4.0,0
1434,18,1,2,2,0.21139814360785375,19,0,3,0,1,1,0,1.5487102111350304,4.0,0
1435,18,1,2,1,0.31348914918076853,5,1,1,1,0,0,0,2.905242112307261,2.0,1
1436,18,0,0,0,0.1789937491620361,27,0,1,0,1,0,0,0.2489771312307257,4.0,0
1437,18,0,0,1,0.902899924840382,0,1,0,1,0,0,0,3.4184098665461984,1.0,2
1438,18,0,0,2,0.3975905438904978,27,1,1,0,0,0,0,0.5829208864689581,4.0,0
1439,17,1,0,1,0.24550835285225073,24,0,2,0,1,0,0,0.930028645913522,4.0,0
1440,17,1,1,1,0.4488703743558922,4,0,2,1,0,1,0,2.679085718058188,2.0,1
1441,15,0,0,1,0.3208517184494416,2,1,1,0,0,0,1,3.1062304249844512,1.0,2
1442,18,0,0,0,0.745222036548292,3,0,0,1,0,0,1,2.781287883700032,2.0,1
1444,18,0,3,3,0.43848426546380465,13,0,3,1,1,1,0,2.3327839636333105,3.0,1
1445,18,1,3,1,0.8619702244737207,8,1,4,1,0,0,0,3.0677183698465544,1.0,2
1446,17,0,0,2,0.5664606154502144,29,0,4,0,1,0,0,0.869123386308555,4.0,0
1447,17,0,2,2,0.15736351148491642,23,0,4,0,1,0,1,1.5205038773800068,4.0,0
1448,16,0,0,2,0.6913636885837201,3,0,3,1,1,1,1,3.2898231421759827,1.0,2
1449,17,0,0,2,0.5139717751527888,17,1,3,1,0,0,0,2.1757392926719743,3.0,1
1450,16,0,2,2,0.6513014732365828,13,0,1,0,0,0,0,1.8524286908169372,4.0,0
1451,16,0,3,2,0.8906571733385391,24,0,3,1,1,0,1,1.4772887703973712,4.0,0
1452,16,0,3,0,0.44088793914526353,3,0,0,0,0,0,0,2.878926862568036,2.0,1
1453,16,1,1,2,0.9021605913710118,24,0,3,0,1,1,0,1.0580507720986625,4.0,0
1454,16,1,0,2,0.7514789807842944,9,0,2,0,0,0,1,2.572890420104166,2.0,1
1455,15,1,2,0,0.4891136636317404,2,0,3,1,0,1,0,3.5877355870777485,0.0,2
1456,17,1,0,1,0.6038626198059427,22,0,0,1,1,0,1,1.30141801379926,4.0,0
1457,16,0,1,4,0.32590248308205755,6,1,2,0,1,1,0,3.2094931359032093,1.0,2
1458,18,1,0,2,0.9846750049324926,9,0,2,0,0,0,0,2.5372306390536963,2.0,1
1459,17,1,1,2,0.6680653601088551,12,0,1,1,0,0,0,1.9893957592572007,4.0,0
1460,17,0,0,3,0.04384436447039876,3,1,2,0,1,1,0,3.0042333028010937,1.0,2
1461,16,0,0,2,0.32694445262459615,17,0,0,1,1,0,0,1.5135167558797396,4.0,0
1462,15,1,3,2,0.6239780129364091,10,0,2,0,0,0,1,2.172740551700977,3.0,1
1463,16,1,0,2,0.05634514225562026,24,1,2,0,0,0,1,0.6416491686246723,4.0,0
1464,15,0,1,3,0.023858757274296417,3,0,3,0,1,0,0,2.7535902317989964,2.0,1
1465,18,1,0,2,0.4504886308319888,23,0,2,1,0,1,0,1.0384883524708666,4.0,0
1466,17,0,0,2,0.3330197017278126,13,0,2,1,1,0,0,2.255019102931137,3.0,1
1467,18,0,0,1,0.4387495213468097,17,0,4,0,0,0,0,1.666702257521599,4.0,0
1468,15,0,0,4,0.2629423742315029,7,0,2,0,0,0,0,2.499459429635027,3.0,1
1469,15,0,2,2,0.1648541935893039,26,1,2,0,0,0,0,0.2782154592390721,4.0,0
1470,18,1,0,0,0.689882603008127,9,0,2,1,0,0,0,2.6375942281323583,2.0,1
1471,15,0,3,3,0.5151097007780959,4,0,3,1,1,0,1,3.0571217282122816,1.0,2
1472,18,0,1,2,0.20033139022903965,22,0,2,1,1,0,0,1.3619328272119078,4.0,0
1473,17,1,0,0,0.3199038896749766,6,1,2,1,0,1,0,3.2389317177358112,1.0,2
1474,18,0,1,2,0.5924352717625443,11,1,3,1,1,0,0,2.573034385056746,2.0,1
1476,18,1,2,3,0.14756961101363877,2,1,3,0,1,0,1,3.143909878121016,1.0,2
1477,15,1,0,1,0.07327690838448601,25,1,2,1,0,0,0,1.04646340029671,4.0,0
1478,18,0,0,3,0.8131981606840634,3,0,2,0,0,0,1,2.868574228220813,2.0,1
1479,15,1,2,2,0.7532212000038697,9,0,3,0,0,0,0,2.6394472915746228,2.0,1
1480,18,1,3,0,0.7541259374247313,3,0,1,0,0,0,0,2.669749932596335,2.0,1
1481,18,0,2,4,0.7170958337533982,14,1,3,0,1,1,0,2.794885282534225,2.0,1
1482,16,1,0,2,0.6701019590028513,28,1,4,0,0,0,1,1.1865697291923056,4.0,0
1483,15,1,2,1,0.47748730459323946,9,0,2,0,0,0,0,2.520175258554297,2.0,1
1484,16,1,0,2,0.6429635404844665,20,0,4,0,0,1,0,1.6010784880682591,4.0,0
1486,16,1,0,1,0.622125875344646,21,1,3,0,0,1,0,1.5950547587554351,4.0,0
1487,17,0,1,1,0.7787189469848003,15,1,2,1,0,0,0,2.222002853095735,3.0,1
1488,18,1,0,1,0.5008806080867734,14,0,2,0,0,0,1,1.6150931484836668,4.0,0
1489,15,1,0,1,0.35787138335325447,18,0,1,1,1,0,1,1.6759194307143808,4.0,0
1490,15,0,2,2,0.2776927344417901,28,0,2,1,0,0,0,0.2143195035843396,4.0,0
1491,18,0,0,2,0.6434880293193153,19,1,1,1,0,0,0,1.5567655569083212,4.0,0
1492,15,0,0,1,0.6935446491523712,18,0,4,1,1,0,0,2.154199353389932,3.0,1
1493,15,1,0,1,0.8719158431990962,17,0,3,0,1,0,0,2.0706693123979414,3.0,1
1494,16,0,3,1,0.34267468965008535,25,1,1,0,1,0,0,0.5672371067999946,4.0,0
1495,15,1,1,3,0.7706042321088893,11,0,1,1,0,0,0,2.162688107920216,3.0,1
1496,17,1,0,1,0.5619481852362049,24,1,3,0,0,1,0,1.2912304259430896,4.0,0
1497,17,0,2,4,0.8837983766741547,15,0,2,0,1,1,0,2.340156389104695,3.0,1
1498,18,0,2,2,0.5283659126228962,0,0,1,0,0,0,0,2.923969740063049,2.0,1
1499,15,1,0,1,0.5181719287353788,15,1,2,1,0,1,0,2.1901466017791726,3.0,1
1500,18,0,1,3,0.5784884327953844,1,0,2,0,0,0,0,3.0742141920071315,1.0,2
1501,17,1,2,2,0.7501237656857993,23,0,1,0,0,0,0,1.009430321848957,4.0,0
1502,15,0,1,2,0.9657464516358653,14,0,3,1,1,0,0,2.118500601923897,3.0,1
1503,15,0,0,4,0.07359502372973237,6,0,3,1,0,0,0,2.615347947639846,2.0,1
1504,18,0,2,0,0.053443134973992314,27,0,0,0,1,1,0,0.4159305071778432,4.0,0
1506,15,0,0,2,0.5304318017489158,4,1,2,0,1,0,0,3.0173532270832526,1.0,2
1507,18,1,0,1,0.6155569252647375,9,1,1,1,0,0,0,2.813786291054958,2.0,1
1508,17,1,0,1,0.48292523424457034,21,0,1,0,0,0,0,0.7696361214560695,4.0,0
1509,18,1,0,0,0.09371221922015227,20,1,1,0,0,0,0,0.8922661351679123,4.0,0
1510,16,1,2,0,0.7689193687045192,3,1,2,1,1,0,0,3.666290826527483,0.0,2
1511,15,0,0,2,0.7480306524718027,13,0,1,0,1,0,0,1.4015482387657991,4.0,0
1512,16,1,0,1,0.31200872024926707,12,0,2,0,0,0,1,1.4233383361752172,4.0,0
1513,17,1,1,2,0.306538363319439,0,0,1,1,0,0,1,3.149644743525513,1.0,2
1514,16,0,0,2,0.8387515474130323,15,1,3,0,1,0,1,2.353731151756538,3.0,1
1515,16,1,3,2,0.07238754091146332,22,0,3,1,1,0,0,1.1613543513353255,4.0,0
1516,17,0,0,0,0.882065044266611,8,1,2,0,0,0,0,2.6471959858736853,2.0,1
1517,18,1,0,2,0.2569038212206376,21,0,3,0,1,1,0,1.2989979848488324,4.0,0
1518,16,0,0,0,0.5936134645698848,15,1,4,1,0,0,0,2.6441973683601545,2.0,1
1519,18,1,0,2,0.9370171669368671,18,0,3,0,0,0,0,1.737989618721448,4.0,0
1520,16,0,0,3,0.6788490796765265,14,0,2,0,0,0,0,2.0187768989965207,3.0,1
1521,18,1,2,2,0.41485328986807773,25,0,2,0,1,0,0,0.7177804975968944,4.0,0
1522,17,1,3,2,0.6902739041967304,13,0,3,1,0,0,0,2.2675844008883907,3.0,1
1523,16,0,0,2,0.3443221349822104,19,1,1,0,0,0,0,1.2714946229661936,4.0,0
1524,17,0,1,1,0.2775242225168777,9,1,2,0,1,0,0,2.6216668933929705,2.0,1
1525,16,0,2,3,0.9977760247652127,20,0,2,0,0,0,0,1.228528505250038,4.0,0
1526,17,0,2,3,0.7516003370148128,11,0,3,0,1,0,1,2.4953123609841468,3.0,1
1527,17,1,0,1,0.6454081610945099,27,0,3,0,1,0,0,0.7017618078332725,4.0,0
1529,16,0,0,3,0.04916444926270963,20,0,1,1,0,1,0,0.684651926072042,4.0,0
1530,16,1,2,4,0.031039686610380274,16,1,4,0,0,0,0,1.88585022368373,4.0,0
1531,15,0,2,2,0.5547653697100087,8,1,0,0,1,0,0,2.3278327626806856,3.0,1
1532,18,0,0,2,0.762855749518973,22,0,0,1,0,1,0,0.8802328124843197,4.0,0
1533,15,1,0,1,0.5379439916238603,18,0,2,0,0,1,0,1.4119815069059265,4.0,0
1534,15,1,3,4,0.8416986220631038,24,0,3,0,1,1,1,1.6625318303754022,4.0,0
1535,17,1,2,1,0.03341206746335934,17,0,3,1,0,0,0,1.3415984768250016,4.0,0
1536,16,1,3,2,0.3671207508020237,27,0,4,1,1,0,0,0.6592029163279249,4.0,0
1537,18,1,2,1,0.23729000334170222,6,0,1,0,0,1,0,2.153371206457846,3.0,1
1538,17,1,0,1,0.4477341970210141,8,0,2,0,0,1,0,2.4431029199121954,3.0,1
1539,15,1,1,2,0.0724066983594457,21,0,1,0,0,0,0,0.2700885546341743,4.0,0
1540,16,0,1,4,0.9551754775559307,25,0,3,0,0,1,0,1.316724623344178,4.0,0
1541,17,0,0,0,0.22345913363960615,20,0,2,1,0,0,0,0.8177142023856205,4.0,0
1542,16,0,1,2,0.9233150316248457,11,0,0,0,1,0,0,2.056945969742978,3.0,1
1543,17,0,2,0,0.42632980894107875,6,1,3,1,0,0,0,3.219333348074609,1.0,2
1544,16,0,0,1,0.986604053241711,13,1,2,0,0,0,0,2.2408700600381573,3.0,1
1545,15,1,2,2,0.5546423564865965,14,1,2,0,1,0,0,1.9137997969013387,4.0,0
1546,18,0,1,2,0.9318499194536711,14,0,3,0,0,1,0,2.240334376463302,3.0,1
1547,15,0,3,1,0.005302249418541455,5,0,1,1,0,0,0,2.254547586191716,3.0,1
1548,18,0,0,1,0.7490459792884195,20,0,1,1,1,1,0,1.8913004299388907,4.0,0
1549,16,0,0,0,0.90403577420453,13,0,1,0,0,1,0,2.2062263414776675,3.0,1
1550,17,0,1,1,0.13982828069474826,1,1,2,0,1,0,0,3.335098154642011,1.0,2
1551,15,0,0,4,0.09618345563850274,7,0,1,1,1,0,0,2.4119864614713284,3.0,1
1552,18,0,2,3,0.42500774319074514,12,0,3,0,1,0,0,2.1609785190420574,3.0,1
1553,15,1,2,1,0.9346992327848481,22,0,1,0,1,0,0,1.165394363121266,4.0,0
1554,18,1,0,2,0.5429571170759784,5,0,4,0,0,0,0,2.58350063639477,2.0,1
1555,15,0,1,3,0.5280098592544616,4,1,1,0,1,0,0,3.017063255946228,1.0,2
1556,18,1,1,0,0.1412354476216965,4,0,1,1,1,0,1,2.5761746968185832,2.0,1
1557,18,1,0,3,0.0007375309402326066,24,0,1,0,0,0,0,0.2333498804715068,4.0,0
1558,16,1,3,3,0.8110184160914171,0,0,3,1,0,0,0,3.646516388949796,0.0,2
1559,18,1,2,0,0.08762233764041698,8,1,2,1,1,0,0,2.6054252316173008,2.0,1
1560,16,0,1,1,0.6345255077780705,5,0,3,1,0,1,0,3.3669295153821057,1.0,2
1561,18,1,2,4,0.9156148698915594,19,0,3,0,1,0,0,1.5837802579379994,4.0,0
1562,17,1,0,2,0.2088388597950539,25,0,4,0,0,1,0,0.7763967059483814,4.0,0
1563,17,1,3,0,0.6659846443690977,29,1,3,0,0,1,0,0.7834866400151184,4.0,0
1564,17,0,1,1,0.07873614888694955,6,0,0,0,0,1,0,2.328311711261717,3.0,1
1565,18,0,2,2,0.6043962406501813,8,0,3,1,0,0,0,2.718465435794503,2.0,1
1566,16,0,2,2,0.16406726410440384,4,1,4,1,0,0,0,3.2448822032661777,1.0,2
1567,16,0,0,2,0.736746612385392,13,1,4,1,0,0,0,2.8656747490202017,2.0,1
1568,18,0,2,4,0.3015246565119426,4,0,1,0,0,0,0,2.326326756466653,3.0,1
1569,17,0,0,1,0.463870764500079,7,1,3,0,1,1,0,3.303066678642581,1.0,2
1570,17,0,0,2,0.6000666679401305,6,0,1,0,0,0,0,2.4892182377565297,3.0,1
1571,16,1,0,2,0.17141739269977832,12,1,1,1,1,1,0,2.600264186907329,2.0,1
1572,17,1,3,2,0.742437404240578,12,0,3,0,0,0,0,2.119171492034809,3.0,1
1573,15,1,2,1,0.30293532197819745,7,0,4,0,0,0,0,2.522694547891483,2.0,1
1574,16,0,2,4,0.6630803335267544,10,1,2,0,0,0,0,2.475854110200245,3.0,1
1575,17,0,2,3,0.158412101004173,27,1,3,1,0,0,0,0.782809234051424,4.0,0
1576,16,0,1,2,0.6888557262490329,25,0,0,1,0,0,0,0.7664048694920337,4.0,0
1577,15,0,3,2,0.12828253053681057,17,1,0,1,0,0,0,1.2836220775478306,4.0,0
1578,16,0,0,1,0.42579253331363537,24,0,2,1,0,0,0,0.6431459327503606,4.0,0
1579,16,1,0,2,0.24743733633510584,18,1,2,0,0,0,0,1.6692302172984,4.0,0
1580,16,1,0,2,0.7491825793699669,5,0,3,0,0,0,0,3.282070050593753,1.0,2
1581,16,0,2,2,0.26228331217131473,21,0,2,0,1,0,0,0.7437140169647167,4.0,0
1582,15,0,2,4,0.8826779059485895,1,0,2,0,0,0,1,3.3250668431789085,1.0,2
1583,18,0,0,2,0.8927924237124544,27,0,2,1,1,0,1,1.184519764401664,4.0,0
1584,16,0,0,1,0.19661422642570361,12,0,1,0,0,0,0,1.6165360987452144,4.0,0
1585,16,1,2,2,0.6144986406602184,22,0,4,0,0,0,0,1.5830839708839028,4.0,0
1586,17,0,0,1,0.08776558083554721,24,0,2,0,0,0,0,0.1842514890903642,4.0,0
1587,16,0,2,1,0.39193426304528306,27,1,2,0,0,0,0,0.4721810422090253,4.0,0
1588,17,0,3,1,0.7140887672839292,25,0,3,1,1,0,0,1.2993555178087297,4.0,0
1589,18,0,0,2,0.6601283311898306,10,0,2,0,0,0,1,2.379628283206932,3.0,1
1590,15,1,0,2,0.6253658419882002,0,0,3,0,0,0,0,3.5662831299671103,0.0,2
1591,15,0,2,2,0.28281274172272036,23,0,1,0,0,0,0,0.2783475708696343,4.0,0
1592,18,0,2,2,0.37840658137919847,1,0,1,0,0,0,0,2.4215468827715467,3.0,1
1593,15,1,1,2,0.1030115881711132,29,0,4,0,1,0,1,0.6176804235913715,4.0,0
1594,18,1,3,1,0.719796411317445,16,0,3,0,0,0,0,1.804726657837384,4.0,0
1595,18,1,0,3,0.5044151025427712,7,0,2,1,0,0,0,2.635208129638253,2.0,1
1596,18,0,1,1,0.7095274331366491,1,0,3,0,0,0,1,3.436025388769573,1.0,2
1597,15,0,2,1,0.24917678450080027,5,0,4,0,0,1,1,2.7373779261627598,2.0,1
1598,17,1,2,2,0.3247582654908083,21,1,1,1,0,0,1,1.1466960797952552,4.0,0
1599,18,1,0,1,0.33454661238286526,4,0,0,0,0,0,0,2.4052675257641485,3.0,1
1600,16,1,2,0,0.02571911162574513,15,1,2,0,0,1,0,1.5252820489261911,4.0,0
1601,15,1,1,2,0.34138700159007096,7,0,1,1,1,0,0,2.446157080635824,3.0,1
1602,18,1,0,2,0.8041750418000363,18,1,1,1,0,1,0,1.9529530122549463,4.0,0
1603,18,1,0,2,0.8982770050524282,15,0,3,1,0,0,0,2.293087191388992,3.0,1
1604,16,0,2,4,0.5187610924081588,12,0,0,0,0,1,0,1.4716720294797634,4.0,0
1605,17,0,0,2,0.45597238256776357,25,1,3,0,0,0,1,1.106713497753671,4.0,0
1606,17,0,0,3,0.030807162307124845,19,0,2,0,1,0,1,1.2058569757056352,4.0,0
1607,17,1,0,1,0.8801620486144166,6,0,2,0,0,0,0,2.5590703550177483,2.0,1
1608,18,1,2,2,0.012972280321059269,15,0,3,1,1,1,0,2.4576510224957078,3.0,1
1609,18,1,1,3,0.9457831325886304,22,1,2,0,0,0,0,1.2267412857712765,4.0,0
1610,18,1,2,2,0.4897256891249433,15,0,1,0,0,0,1,1.5904330983565391,4.0,0
1611,15,1,0,2,0.3422746414576225,28,0,1,1,0,0,0,0.3106695325979863,4.0,0
1612,16,1,1,1,0.9252278871853612,11,1,3,1,0,0,0,2.7718106588704914,2.0,1
1613,18,0,1,0,0.02436614160698799,13,0,1,1,0,0,0,1.5826829916643974,4.0,0
1614,16,0,2,2,0.5820403242466397,23,1,0,1,0,0,1,1.1055870981431069,4.0,0
1615,16,1,3,1,0.5495106056231315,17,0,4,0,0,0,0,2.3002961351673665,3.0,1
1616,17,0,0,3,0.21951961070831616,26,1,4,1,1,0,0,0.9918836980476614,4.0,0
1617,15,1,1,1,0.42932752701617527,27,0,2,0,1,1,1,0.1651106215518772,4.0,0
1618,18,0,0,4,0.6529608611165588,17,0,0,0,0,0,0,0.9893299205987556,4.0,0
1619,17,1,1,4,0.7279141079137853,15,0,3,1,0,1,0,2.230253521333785,3.0,1
1620,17,1,0,1,0.0006647950435344249,19,0,3,1,0,0,0,1.3835280778946648,4.0,0
1621,18,0,0,1,0.9378774056895886,15,0,1,1,1,0,0,2.1314052629810774,3.0,1
1622,16,0,0,3,0.1646615979148088,12,0,1,1,0,1,0,1.86827692299816,4.0,0
1623,17,1,1,4,0.23379603486975234,25,0,3,1,0,1,0,1.2474819436382791,4.0,0
1624,16,1,0,2,0.2637234067700235,28,0,4,0,0,0,0,0.2999075475985059,4.0,0
1625,15,0,2,1,0.037810721135962524,8,0,3,1,0,0,1,2.7051956947945466,2.0,1
1626,16,0,0,2,0.12314067781586471,25,0,1,1,1,1,0,0.8979380920800135,4.0,0
1627,15,1,0,2,0.9874307921320368,27,0,2,1,1,0,0,1.3917317913625924,4.0,0
1628,16,0,2,1,0.3155261746186691,8,0,3,0,0,0,0,2.150546165993222,3.0,1
1629,17,1,0,2,0.11538073516359848,12,0,1,0,0,0,0,1.448741241526555,4.0,0
1631,15,1,1,0,0.7202340610313429,3,1,1,0,0,0,0,3.091715028356484,1.0,2
1632,18,1,0,1,0.8554980576635628,8,0,2,0,0,0,0,2.576927695452172,2.0,1
1633,15,0,0,1,0.25719476487350557,14,0,2,0,0,0,0,1.9558725265628367,4.0,0
1634,15,0,0,1,0.02088065905491034,13,0,3,0,1,0,0,1.8787083443226635,4.0,0
1635,16,0,3,2,0.22329356091705985,18,1,3,1,1,0,0,1.6304001316060543,4.0,0
1636,16,0,1,1,0.05652776492718875,11,0,4,0,0,1,0,2.372748110360667,3.0,1
1637,15,0,1,1,0.10346089596335212,20,1,3,1,0,0,0,1.279370611476852,4.0,0
1638,17,0,1,1,0.43195122785582496,25,0,1,0,0,0,1,0.155004788411154,4.0,0
1639,16,0,0,4,0.23012976216171985,24,1,2,0,1,1,1,1.2783470336697191,4.0,0
1640,18,1,0,2,0.5164860432519073,5,0,2,0,1,0,0,2.6559935659147995,2.0,1
1641,16,0,2,2,0.2537322432070268,2,0,0,1,0,1,0,2.6823160526270176,2.0,1
1642,16,0,0,2,0.9415655111155636,25,0,4,0,1,0,0,1.6448199394832874,4.0,0
1643,18,1,0,4,0.9069324147399773,24,1,0,1,1,0,0,1.3962784383778892,4.0,0
1644,15,0,0,1,0.5674047308656202,21,1,2,1,0,0,0,1.6094867987939343,4.0,0
1645,18,0,0,2,0.3547784958852704,19,0,2,1,0,1,0,1.187367524649196,4.0,0
1646,15,1,3,2,0.38153210247522035,15,0,2,1,0,1,0,2.0197970227132727,3.0,1
1647,15,0,0,2,0.41227279781249915,29,0,3,0,0,0,1,0.2416256282208843,4.0,0
1648,15,0,1,0,0.728362748262976,19,0,2,0,0,0,0,1.2477251942052905,4.0,0
1649,18,0,0,2,0.4521052428992608,23,0,1,0,0,1,0,0.8526823634027514,4.0,0
1650,15,1,3,0,0.857661824416216,22,0,1,0,0,0,0,0.9657009889491656,4.0,0
1651,17,0,0,2,0.9451270850828173,16,1,4,1,1,0,0,2.423800751639832,3.0,1
1652,18,0,0,2,0.3362794179828728,15,0,1,1,0,0,0,1.7419681672894356,4.0,0
1653,17,1,2,1,0.561286082244113,5,0,1,0,0,1,0,2.8459257757426046,2.0,1
1654,15,0,2,3,0.09511291161824019,7,0,2,0,0,0,0,2.039564398044963,3.0,1
1655,16,1,0,0,0.2006465886338841,18,1,1,1,0,0,0,1.5420637396404375,4.0,0
1656,15,1,0,3,0.4138881359918135,29,1,2,0,0,1,0,0.7307796023629439,4.0,0
1657,17,0,0,2,0.2063868473162556,24,0,3,1,0,0,0,0.4999877783931601,4.0,0
1658,17,1,0,1,0.8775151628562988,25,1,3,0,0,0,0,1.122889381075435,4.0,0
1659,18,1,0,1,0.15841531004828813,1,1,3,0,1,0,0,2.9594927281039074,2.0,1
1660,16,0,0,4,0.45613169180890345,13,0,1,1,1,1,0,2.300205239575968,3.0,1
1661,18,1,0,0,0.6063425719082416,21,0,2,0,1,0,0,1.35272076359225,4.0,0
1662,17,1,0,1,0.6926062813177012,11,1,0,1,0,0,0,2.13406203808262,3.0,1
1663,15,0,1,1,0.3834567999644714,16,0,0,1,0,0,1,1.2997943203369946,4.0,0
1664,16,0,3,2,0.870045164283995,27,0,2,1,0,0,0,0.7478339441237737,4.0,0
1665,15,0,1,2,0.5689195160991619,26,0,1,1,1,1,0,0.5329232037789974,4.0,0
1666,15,1,0,1,0.4399600836406553,14,0,3,0,0,0,0,2.0737697903171566,3.0,1
1667,16,0,0,1,0.06726503593503541,17,1,3,1,1,0,0,1.9913793639901416,4.0,0
1668,18,1,3,1,0.46517071665098086,15,0,3,1,0,0,1,1.8999595995373024,4.0,0
1669,15,1,0,1,0.82162634541355,12,0,3,1,1,0,0,2.6148839418291825,2.0,1
1670,17,1,0,2,0.6151945128235466,20,1,0,1,1,1,0,1.8102707442887624,4.0,0
1671,15,1,1,2,0.8330660926115051,16,0,2,1,0,0,0,1.581931480635446,4.0,0
1672,16,1,1,1,0.4945266231189144,7,0,1,0,1,0,0,2.271332803302088,3.0,1
1673,16,1,1,1,0.1185449828778018,0,1,2,1,0,0,0,3.363670491095614,1.0,2
1674,16,1,0,1,0.013602636460077111,28,0,1,1,1,0,0,0.4812984804652508,4.0,0
1675,18,0,0,4,0.3035151938265979,24,0,0,1,1,0,0,0.1999273794512188,4.0,0
1676,15,0,3,4,0.6987398868137645,25,0,2,0,1,1,1,1.2680087507224682,4.0,0
1677,18,1,0,3,0.7911153780689459,26,0,3,1,0,0,0,0.8825524540001173,4.0,0
1678,18,1,1,1,0.29603989913940787,2,1,3,0,0,0,0,3.120136639384952,1.0,2
1679,16,0,2,0,0.49617076108232155,15,0,2,0,1,0,1,1.8041546917762192,4.0,0
1680,16,1,1,1,0.4215500705910171,27,0,2,1,1,1,0,0.6817036435058786,4.0,0
1681,18,0,0,1,0.4109417708311898,1,0,2,1,0,0,1,2.898261817162794,2.0,1
1682,15,0,0,2,0.2315617486027767,14,0,3,0,0,0,1,1.7303180027913696,4.0,0
1683,17,0,1,2,0.13647496871666365,0,1,0,1,0,1,0,3.560791672128213,0.0,2
1684,18,1,2,3,0.19686175362683564,8,1,3,0,1,0,0,2.528774574406828,2.0,1
1685,15,1,3,3,0.055343101149107496,15,1,2,0,1,0,0,1.5923878582033109,4.0,0
1686,16,0,0,1,0.19830559493263078,3,0,1,0,0,1,1,2.3741309720150148,3.0,1
1687,16,0,0,2,0.00915858591440262,11,1,0,1,0,0,0,1.8104094800411437,4.0,0
1688,15,0,3,1,0.6279265131937529,0,0,1,0,0,0,0,2.829826431301572,2.0,1
1689,17,0,2,0,0.31668617645869485,0,1,2,0,0,0,1,3.0476020888188065,1.0,2
1690,16,0,2,2,0.9742104019255995,6,1,3,1,1,0,0,3.625921730346796,0.0,2
1691,16,1,0,0,0.1938868305819462,17,0,2,0,0,0,1,0.9273215453238872,4.0,0
1692,16,0,1,2,0.3461731942268447,22,0,2,1,0,0,0,1.331958948764275,4.0,0
1693,15,1,2,1,0.3581995903909679,27,0,4,1,1,0,1,0.7795517215186132,4.0,0
1694,18,0,1,2,0.00840832295419503,22,0,1,1,0,0,0,0.8813584466312141,4.0,0
1695,16,1,0,2,0.8401196903490489,14,1,1,0,0,0,0,2.398121085937693,3.0,1
1696,18,1,0,1,0.03197834842267879,25,0,2,0,1,0,0,0.7588142687845363,4.0,0
1697,17,1,1,3,0.9412076338532488,29,0,3,1,0,0,0,1.0288655959633797,4.0,0
1698,16,1,0,1,0.8930468555195327,24,0,3,0,1,0,0,1.4444766951837589,4.0,0
1699,16,1,0,2,0.5360845824277523,12,1,2,0,0,0,0,2.214067459161345,3.0,1
1700,17,1,3,2,0.544167521495031,15,0,4,0,1,1,0,2.5119180875322624,2.0,1
1701,16,0,0,2,0.6544765182961321,6,0,3,0,0,0,0,2.6901498030104545,2.0,1
1702,18,1,2,4,0.38744201770962017,15,0,0,1,0,0,0,1.6052743861754348,4.0,0
1703,15,0,0,1,0.6479133433783918,12,0,3,1,0,1,1,2.709889487418108,2.0,1
1704,18,1,1,2,0.04476695991915665,13,0,0,0,1,0,0,1.528563501341875,4.0,0
1705,15,1,3,2,0.05405686457232812,16,1,3,0,1,0,0,1.7785692022870156,4.0,0
1706,15,0,0,3,0.4577030940449568,11,0,1,1,0,0,0,2.1219640588635724,3.0,1
1707,18,1,0,1,0.5502011750913975,28,0,3,0,0,0,0,0.4059048314284253,4.0,0
1708,18,0,0,2,0.8887852518988295,23,0,2,1,0,0,0,1.123926327741214,4.0,0
1709,18,0,0,2,0.10472804809299444,23,0,3,0,0,0,0,0.8703304110318186,4.0,0
1710,18,0,2,1,0.8235406296334316,19,0,2,1,1,0,0,1.8228292080685773,4.0,0
1711,17,0,3,2,0.21023588789460976,12,0,3,1,0,0,0,2.231182931946249,3.0,1
1712,16,1,0,1,0.3944837390763843,23,0,1,0,1,1,0,0.9669677174911444,4.0,0
1713,15,1,0,2,0.3169134648544072,19,0,4,0,1,0,0,1.69185894616234,4.0,0
1714,18,0,0,3,0.40056234244142574,14,0,3,0,0,0,0,2.0697582058612616,3.0,1
1715,18,1,2,2,0.15061559699931198,23,1,1,1,1,0,0,1.0578761267920678,4.0,0
1716,18,1,0,2,0.5040960138005983,20,0,4,0,0,0,0,1.3214272070130963,4.0,0
1717,17,0,1,2,0.802511147751406,3,1,2,1,0,0,1,3.5169407207158963,0.0,2
1718,18,1,1,0,0.441988642615674,21,1,3,0,1,0,1,1.0491570024752104,4.0,0
1719,18,0,1,1,0.4911246224884544,1,0,3,1,0,0,0,3.4861413290978023,1.0,2
1720,18,0,0,2,0.8496903108803624,27,1,0,1,0,0,1,0.586837405483887,4.0,0
1721,16,1,2,1,0.7068168032812426,17,0,4,0,1,0,0,2.3588158974550537,3.0,1
1722,17,1,0,1,0.49096527215559355,1,0,2,0,0,0,0,3.152222285699565,1.0,2
1723,18,1,0,2,0.2579389679940375,24,0,1,0,0,0,0,0.5878350833437533,4.0,0
1724,15,0,2,1,0.8858910354794726,14,0,3,1,1,0,1,2.66889332908893,2.0,1
1725,15,0,2,1,0.5776307683371671,29,0,3,0,0,0,0,0.3043720342532843,4.0,0
1726,15,1,0,2,0.22134891988719663,25,0,0,0,1,0,0,0.2806703078814149,4.0,0
1727,17,1,0,1,0.26937620384408845,18,0,1,1,0,0,0,0.8730911973563495,4.0,0
1728,17,1,0,3,0.8040033601058312,14,0,3,0,0,0,0,2.330783482945125,3.0,1
1729,15,1,0,3,0.04414341741203165,25,0,0,1,1,1,0,0.318850908518507,4.0,0
1730,18,0,0,2,0.9931796566442335,19,0,4,0,0,0,0,1.7922893205354298,4.0,0
1731,17,1,0,1,0.13044862439234725,9,0,3,0,1,0,0,2.573219136505813,2.0,1
1732,15,0,0,2,0.7969306762260008,27,0,2,0,1,0,0,1.0844901258226167,4.0,0
1733,15,0,2,3,0.3951762023739609,23,0,2,1,1,0,1,1.0866966802818123,4.0,0
1734,18,1,1,2,0.49272907198978627,19,0,2,0,0,1,1,1.00411266268769,4.0,0
1735,16,1,1,1,0.8816099508695293,10,1,2,1,0,0,0,2.824604892517854,2.0,1
1736,17,1,0,2,0.41333292141392497,25,1,3,0,1,1,1,1.364373782117196,4.0,0
1737,18,0,3,3,0.5380586865375865,9,0,4,0,0,0,1,2.6072864007904446,2.0,1
1738,15,1,2,2,0.04930344209828226,28,1,2,1,0,1,0,0.5684680837933294,4.0,0
1739,15,1,2,2,0.002297284509917615,22,0,2,0,0,0,1,0.5737961933285499,4.0,0
1740,18,0,2,2,0.24502836979802398,4,0,1,0,0,0,0,2.258071035198048,3.0,1
1741,17,1,3,2,0.6813124993777355,8,1,3,0,0,0,0,2.840092975101314,2.0,1
1742,16,0,1,0,0.12135139325846268,19,0,3,1,1,0,0,1.6831172628416484,4.0,0
1743,16,1,0,2,0.11383983447915769,18,1,3,1,0,0,0,1.7209071500753406,4.0,0
1744,15,0,1,0,0.4113800977707336,12,0,0,0,0,0,0,1.5377839093207275,4.0,0
1745,17,1,2,2,0.6485288052172216,17,0,3,0,1,0,0,2.0634635075132985,3.0,1
1746,16,1,2,1,0.7128375935240002,16,0,2,1,0,0,0,1.878547509948441,4.0,0
1747,17,0,1,2,0.1786029060149755,26,0,3,1,1,0,1,0.8632708590471806,4.0,0
1748,17,0,0,1,0.07962674206570779,5,0,3,0,0,0,0,2.513286133011632,2.0,1
1749,15,1,0,2,0.9414250827285136,9,0,3,1,1,0,1,2.7721632696203784,2.0,1
1750,16,0,3,2,0.260913117068317,1,1,2,0,0,0,0,2.8883859357893624,2.0,1
1751,18,0,1,1,0.8542744864242624,23,0,3,0,1,0,0,1.3371610494936967,4.0,0
1752,15,0,1,1,0.864431100362767,5,0,0,0,0,0,0,2.3706116146947664,3.0,1
1753,16,0,0,1,0.7733576777916453,27,0,3,0,0,1,0,0.8544646477713151,4.0,0
1754,16,1,0,3,0.16897478426099646,27,1,0,0,0,0,0,0.3226418269944476,4.0,0
1755,16,1,2,2,0.8226931887238098,20,0,2,1,1,0,0,1.834226997089304,4.0,0
1756,16,0,1,2,0.7700818842431139,12,0,1,0,0,0,0,1.9900604524480008,4.0,0
1757,16,0,2,1,0.5973560038316162,17,1,3,0,1,0,0,2.226983393791037,3.0,1
1758,17,0,0,2,0.3375367433422974,6,0,2,0,0,0,1,2.60838689826964,2.0,1
1759,15,0,1,3,0.26275745630875064,1,0,3,1,0,0,0,3.4063390822727126,1.0,2
1760,17,1,0,3,0.12197642960089146,28,1,3,1,0,0,0,0.8670343739276987,4.0,0
1761,18,1,2,2,0.51029011791714,13,1,3,0,1,0,0,2.166091325158555,3.0,1
1762,16,0,0,0,0.5858807141433799,4,0,1,0,1,0,0,2.4229283329107885,3.0,1
1763,15,0,0,1,0.35969914394339714,17,0,3,0,1,0,0,1.509557877776469,4.0,0
1764,16,0,1,0,0.47585258002424125,10,1,2,0,1,0,0,2.44385726431874,3.0,1
1765,15,1,3,1,0.3638794102742256,9,0,0,0,0,0,0,2.0038283786309425,3.0,1
1766,17,0,0,1,0.6416899720795652,10,1,1,0,1,0,0,2.465306489467062,3.0,1
1767,15,1,2,1,0.9022422697273595,26,0,1,1,0,1,0,0.8447920018716684,4.0,0
1768,18,0,0,1,0.1640557920267419,1,0,0,0,1,0,0,2.731058898448731,2.0,1
1769,18,1,0,3,0.38179433141577934,14,0,2,0,0,0,0,1.736011489374202,4.0,0
1770,15,0,0,2,0.14097763727417145,6,1,0,0,1,0,0,2.5896707308558047,2.0,1
1771,15,1,0,3,0.6256092224211117,8,1,2,1,0,0,0,2.7423611231016096,2.0,1
1772,15,0,1,2,0.7296554197679034,4,0,1,0,0,0,0,2.4959194397063627,3.0,1
1773,15,0,0,1,0.9329310291267082,6,1,1,0,0,1,0,2.8534371942017955,2.0,1
1774,18,0,0,2,0.2791395870725911,19,0,4,1,0,0,0,1.5913479919456928,4.0,0
1775,16,1,3,1,0.9512505355176966,1,0,2,0,0,1,0,3.209673328360458,1.0,2
1776,15,0,0,2,0.06328250124739636,2,1,1,0,1,0,0,3.127617865184041,1.0,2
1777,15,1,2,1,0.6036541081146293,1,1,2,0,1,1,1,3.453275896757228,1.0,2
1778,18,1,0,4,0.057145502715299376,20,1,1,1,0,0,0,0.8227735669667381,4.0,0
1779,18,0,1,1,0.8947486460598124,21,1,0,0,0,0,0,1.2173352280449594,4.0,0
1780,17,0,0,1,0.5303651567838686,22,0,0,1,0,0,0,0.7626843112270509,4.0,0
1781,15,0,0,3,0.6700648434824408,18,0,4,0,1,1,0,2.145848670885439,3.0,1
1782,17,1,0,0,0.832476888311374,3,1,3,0,0,0,0,3.299131001833344,1.0,2
1783,18,0,0,2,0.1504305089060266,23,0,3,1,0,1,0,1.1708122846030742,4.0,0
1784,18,1,0,2,0.03858303323456458,19,0,4,0,0,0,1,1.4245956528715278,4.0,0
1785,16,1,1,3,0.8798384854502264,6,0,4,0,0,0,0,2.9026593668557465,2.0,1
1786,15,0,2,4,0.31524233882072433,27,0,3,0,0,1,0,0.691477418739295,4.0,0
1787,17,0,2,4,0.12907427467647192,21,1,3,1,0,1,1,1.8865425000782805,4.0,0
1788,18,0,1,0,0.4689468207406015,6,0,2,0,0,0,1,2.635341351261105,2.0,1
1789,18,0,0,3,0.5989409090942106,16,1,1,0,0,0,0,1.5003394189345471,4.0,0
1790,17,0,0,2,0.030953314831949314,18,0,2,0,0,1,0,1.2355538161189008,4.0,0
1791,16,0,0,2,0.2751587485598612,21,0,2,0,0,0,0,0.604613405510861,4.0,0
1792,18,1,0,1,0.03278468833601221,15,0,4,0,0,0,0,1.3881389762566787,4.0,0
1793,15,1,1,2,0.42076565474328775,2,0,2,0,0,1,0,3.3005522062792574,1.0,2
1794,18,1,1,4,0.896076011348263,14,0,3,0,0,0,1,2.16864159345454,3.0,1
1795,15,0,0,3,0.9837290305884417,13,0,2,1,1,0,0,2.797267479731933,2.0,1
1796,17,1,0,2,0.6377269181726279,14,0,1,0,0,0,0,1.7174586153875433,4.0,0
1797,15,1,2,0,0.16177060007342037,13,0,2,0,1,0,0,1.6879004923340846,4.0,0
1798,17,1,2,1,0.9068377281007157,6,0,2,1,0,0,0,2.95214586347002,2.0,1
1799,15,1,0,3,0.5167883349959086,24,0,2,1,0,0,0,0.9633750092514732,4.0,0
1800,17,1,3,2,0.15387315111603114,2,0,2,1,0,0,0,3.3349718279859157,1.0,2
1801,15,0,3,2,0.922733257642407,29,0,1,0,0,0,0,0.4436406552124723,4.0,0
1802,16,0,0,0,0.758286833506417,16,1,2,1,0,0,0,1.955791738835412,4.0,0
1803,15,1,0,2,0.7324934414122158,9,0,3,1,1,0,0,2.850351339225344,2.0,1
1804,15,1,1,2,0.7099429816879812,14,1,2,0,1,0,0,2.370067422230533,3.0,1
1805,16,1,3,3,0.20051721342477488,28,1,2,0,0,0,0,0.1525907792336783,4.0,0
1806,18,0,2,2,0.2111963450370063,5,0,0,0,0,0,0,2.123043126970309,3.0,1
1807,18,0,0,1,0.6890312670130583,27,1,1,1,0,1,1,0.9220132315429356,4.0,0
1808,15,1,0,2,0.21992242208601775,16,0,2,0,0,0,1,1.42899323811113,4.0,0
1809,16,0,1,0,0.4391230389624154,16,1,2,0,1,0,0,1.8934409155419147,4.0,0
1810,15,0,1,4,0.7828478074987986,13,1,2,0,0,0,0,1.9395846660340497,4.0,0
1811,17,1,0,1,0.7848007422201113,23,0,3,1,1,0,0,1.511276997165948,4.0,0
1812,17,0,2,2,0.45372988520225077,24,0,1,0,0,1,0,0.8256041743927887,4.0,0
1813,15,0,1,1,0.7930476308744411,17,0,0,1,0,0,0,1.7643543086537177,4.0,0
1814,18,1,2,2,0.8395328597514939,24,0,2,1,0,0,0,1.295594900495879,4.0,0
1815,18,0,2,2,0.655475493574895,4,0,2,0,0,0,0,2.4737171780781475,3.0,1
1817,15,1,0,1,0.27427385471765886,7,0,3,0,0,0,0,2.202958505711277,3.0,1
1818,17,0,1,1,0.3151501609385963,6,0,3,1,0,0,0,3.0400254359810663,1.0,2
1819,18,0,0,1,0.11688548019715692,22,1,1,1,0,0,0,1.0690799865648395,4.0,0
1821,17,1,0,0,0.20970716787725543,17,0,1,0,0,1,0,1.48259597306949,4.0,0
1822,18,1,1,2,0.4557992383655829,4,0,3,0,1,0,0,3.042275369333665,1.0,2
1823,16,0,0,3,0.9094288609236676,15,0,3,0,1,0,0,2.1039665103433465,3.0,1
1824,17,1,0,3,0.10454752367406618,13,0,3,0,0,0,0,1.7875223290156508,4.0,0
1825,18,0,0,2,0.7210429460115894,26,1,1,1,0,0,1,1.1003818825946587,4.0,0
1826,18,1,0,2,0.6880201120644621,26,0,2,0,0,0,0,0.8545582885805375,4.0,0
1827,17,0,2,0,0.09581137537424837,18,0,2,0,1,0,1,1.199651387587034,4.0,0
1828,16,1,2,2,0.923579965224525,13,1,1,0,0,0,0,2.591940919144186,2.0,1
1829,17,1,1,3,0.5690727431021411,8,1,0,0,0,0,1,2.28221274517396,3.0,1
1830,18,1,0,1,0.364090716647231,5,0,2,0,0,0,0,2.754877493270432,2.0,1
1831,15,1,0,2,0.7573552967559682,16,0,2,0,1,0,0,1.9212686469167608,4.0,0
1832,15,0,0,3,0.25760839867087065,18,0,3,1,0,1,0,1.5835564956915291,4.0,0
1833,17,1,0,3,0.6942541021109999,11,0,1,0,0,1,0,1.7233856864018513,4.0,0
1834,18,1,2,1,0.03970396584185926,3,1,3,1,0,0,0,2.8760550053652034,2.0,1
1835,15,0,0,2,0.8403200049054466,15,0,1,0,0,0,0,1.8889919304287464,4.0,0
1836,18,1,0,1,0.44863310794927,24,0,3,1,1,0,0,1.369369967422703,4.0,0
1837,17,0,0,1,0.6373718713880825,10,1,2,0,0,0,0,2.550546233695912,2.0,1
1838,15,1,0,3,0.22143923327444057,21,1,2,1,1,1,1,1.943573340544709,4.0,0
1839,18,1,1,3,0.6777990852712238,3,1,3,1,0,0,1,3.3104012689001965,1.0,2
1840,15,1,1,2,0.7730750374152824,16,0,1,0,0,0,0,1.418938674503826,4.0,0
1841,17,0,0,0,0.4737042326517842,7,0,1,0,1,0,0,2.3530546550379574,3.0,1
1842,18,1,0,3,0.6183840806935551,13,0,2,0,0,1,0,1.7528862062165578,4.0,0
1843,15,1,0,2,0.45679755857793863,26,0,1,1,0,1,0,0.5139629886917817,4.0,0
1844,17,1,0,1,0.8950661921389941,1,0,2,0,0,0,0,3.0219548675332906,1.0,2
1845,15,0,0,2,0.49838856703666595,10,0,1,0,1,0,1,1.8347494481922708,4.0,0
1846,15,0,3,0,0.8427234357692676,10,0,3,0,0,0,0,2.275700147008356,3.0,1
1847,16,1,1,2,0.8022202822396907,23,1,3,1,1,0,1,1.7676467845806807,4.0,0
1848,16,0,1,2,0.4109237871806007,21,0,0,1,0,1,0,1.353723074286344,4.0,0
1849,17,1,0,1,0.23029607410482272,23,1,3,0,1,0,0,1.0342011685600785,4.0,0
1850,16,1,0,1,0.406496014746184,5,0,2,0,0,0,0,2.758341831164698,2.0,1
1851,17,1,1,1,0.8271141811062989,20,1,2,1,0,0,0,1.7899668741623316,4.0,0
1852,16,1,1,0,0.22784129967352115,20,0,2,1,0,0,0,1.223973606916021,4.0,0
1853,15,1,2,2,0.5249862699254215,13,1,3,0,1,0,1,2.443619105420938,3.0,1
1854,17,1,0,3,0.8069704256989529,29,0,2,0,1,1,0,0.3629570027561279,4.0,0
1855,17,1,1,0,0.35383089105541216,9,0,3,1,0,0,0,2.251753921949751,3.0,1
1856,15,0,0,0,0.6428949352124722,25,1,1,0,0,0,0,0.9000416924553322,4.0,0
1857,17,0,2,2,0.24586102684128663,26,0,4,0,0,0,0,0.6566169233161951,4.0,0
1858,17,0,1,3,0.10935216863168232,7,0,3,1,0,0,0,2.186426951334845,3.0,1
1859,16,0,1,1,0.7952444399081896,6,1,1,0,0,1,1,2.88313626573597,2.0,1
1860,17,0,0,1,0.09902949493009343,7,1,3,1,0,0,0,2.877853697636979,2.0,1
1862,15,0,0,1,0.8560394372009177,7,0,1,1,0,0,0,2.583738162772638,2.0,1
1863,16,1,0,0,0.3468146474658095,22,0,1,0,1,0,0,1.1615545310949262,4.0,0
1864,16,1,0,2,0.9741109258016114,1,0,0,1,0,0,0,3.301690512687678,1.0,2
1865,18,1,1,2,0.9808075996945501,26,1,3,0,0,0,0,1.5051727733314488,4.0,0
1866,15,1,0,2,0.26853150183430746,15,0,2,0,0,0,0,1.385696220554564,4.0,0
1867,15,0,0,2,0.04097243688557114,8,0,2,0,0,0,1,2.240923948684623,3.0,1
1868,16,0,2,2,0.7058208293438537,12,1,1,1,0,0,0,2.116723382234456,3.0,1
1869,17,1,0,1,0.45145200002287206,22,0,2,0,0,0,1,1.0366568343647269,4.0,0
1870,16,1,1,1,0.10081576634770906,11,0,2,0,0,0,0,1.6174602067259882,4.0,0
1871,15,0,0,1,0.708283191221089,26,0,3,0,0,0,0,0.8659455421420207,4.0,0
1872,18,1,0,1,0.03115785535989776,21,0,4,0,1,0,0,1.320245987222631,4.0,0
1873,16,1,2,2,0.8711440477094252,24,0,2,1,0,0,1,1.2597646826652291,4.0,0
1874,15,1,0,3,0.13875901517630507,28,0,2,1,0,0,0,0.0815731844151463,4.0,0
1875,16,1,0,4,0.12740532933454063,16,0,2,0,1,1,0,1.6896730848454322,4.0,0
1876,17,0,1,2,0.1758213362894102,26,0,3,0,0,0,1,0.4604216497595421,4.0,0
1877,16,1,1,1,0.9613172460081518,1,0,1,1,0,0,0,3.577043897429733,0.0,2
1878,16,1,1,1,0.6939132339585385,12,0,2,1,0,0,0,2.0878721266068734,3.0,1
1879,15,0,0,3,0.8022397818210781,0,0,3,1,0,0,0,3.3695843618327963,1.0,2
1881,15,1,2,2,0.3366464134663801,27,0,1,0,0,0,0,0.0946515916807701,4.0,0
1882,16,0,1,2,0.23470064603922433,18,0,3,0,1,0,0,1.4053156279015715,4.0,0
1883,17,1,2,2,0.4811476200350801,10,0,1,0,0,0,0,1.878264180025782,4.0,0
1884,18,1,2,3,0.5524101436964025,4,0,2,1,0,0,0,2.871904770418778,2.0,1
1885,18,0,2,0,0.6324481476218663,0,1,2,0,0,0,0,3.7079480402167513,0.0,2
1886,15,1,0,2,0.25736116040696305,19,0,2,0,0,1,0,1.1748680910745393,4.0,0
1887,15,1,0,3,0.9496916207228264,29,1,1,1,0,0,0,0.9954496418804064,4.0,0
1888,16,1,2,1,0.16990073892927435,12,1,4,0,1,0,0,2.5287112567899213,2.0,1
1889,18,1,0,2,0.9667102541416595,7,0,0,1,1,0,0,2.5968344902614566,2.0,1
1890,15,0,0,1,0.014820311177125744,5,0,3,0,0,0,0,2.46060677377515,3.0,1
1891,17,0,2,4,0.48162583258834185,28,1,0,0,0,0,0,0.5477807235419316,4.0,0
1892,17,1,2,0,0.3336981390840667,16,0,2,0,1,0,0,1.803054426736249,4.0,0
1893,15,0,0,2,0.4495867697832642,11,1,1,0,0,0,0,2.309975847769393,3.0,1
1894,15,1,0,1,0.5712676399468115,0,0,1,0,0,0,0,3.0933639433242823,1.0,2
1895,18,1,0,2,0.43603695695747924,2,0,1,0,0,0,0,2.615900723686996,2.0,1
1896,18,1,2,1,0.41527080706547415,13,0,2,0,1,0,0,2.27691831821056,3.0,1
1897,16,1,3,1,0.7335127544033098,25,0,2,1,0,0,0,1.0515315263472127,4.0,0
1898,18,1,0,2,0.6866117657771629,7,0,1,0,1,0,0,2.747706159044371,2.0,1
1899,17,0,0,3,0.8341761954574727,10,0,4,0,0,0,0,2.6216701040126886,2.0,1
1900,17,1,2,1,0.25019340815666324,26,1,1,0,0,0,0,0.2432980938442744,4.0,0
1901,15,0,0,1,0.610176242744074,13,1,2,0,0,0,0,2.1947065208246226,3.0,1
1902,18,0,1,2,0.5858145480593084,7,0,1,0,0,0,1,2.639906487707337,2.0,1
1903,16,1,3,2,0.3701099171919179,28,1,2,0,1,0,0,0.8334934182533646,4.0,0
1904,17,1,0,3,0.48656335157387287,2,1,3,0,0,0,0,3.402401590802249,1.0,2
1905,17,1,1,1,0.3140899315574316,6,1,2,0,0,1,0,2.6162916954361832,2.0,1
1906,16,1,0,2,0.1419545525632808,27,0,1,0,0,0,0,0.3397153849684515,4.0,0
1907,16,1,0,1,0.21399407614330834,18,1,1,1,0,0,1,1.6977287802151977,4.0,0
1908,17,0,2,1,0.10558204107884865,3,0,3,0,0,0,0,2.356856806870208,3.0,1
1909,17,1,0,2,0.6838018397283824,24,0,1,0,0,0,0,0.8456248398851254,4.0,0
1910,16,1,3,2,0.6614339764959152,15,1,2,1,0,1,0,2.246545273169087,3.0,1
1911,17,0,1,2,0.951646155454137,12,0,1,1,1,0,0,2.478699182829052,3.0,1
1912,15,0,0,1,0.7304642525694636,19,0,1,1,0,1,1,1.3742882826190426,4.0,0
1913,15,1,0,2,0.052052775029078846,18,1,1,0,1,0,0,1.3553810454285826,4.0,0
1914,16,0,0,2,0.8852086791315981,4,0,3,1,0,0,0,3.060490750087925,1.0,2
1915,18,1,0,4,0.8636138745665345,22,1,3,1,0,0,0,1.5569571221233611,4.0,0
1916,16,0,0,1,0.44377700627838534,4,1,2,1,0,0,0,3.219531247903172,1.0,2
1917,16,0,0,1,0.586483581329651,19,0,1,0,1,0,0,1.150153548429549,4.0,0
1918,18,1,0,1,0.9771473950127689,23,0,2,0,0,1,1,1.3214293024924364,4.0,0
1919,18,0,2,2,0.5328633317845726,3,1,2,1,1,0,0,3.4913265883378144,1.0,2
1921,15,0,2,3,0.08308131879725542,25,1,0,0,0,0,1,0.1704636132529806,4.0,0
1922,17,0,0,1,0.19121858502911784,12,1,4,0,0,0,0,2.197387290025697,3.0,1
1924,17,0,1,1,0.5853760675723991,15,0,4,0,0,1,0,2.386799507281263,3.0,1
1925,15,1,0,2,0.817113174766781,21,1,0,0,1,0,0,1.3610312878747248,4.0,0
1926,17,1,0,3,0.9893451822944195,1,0,1,1,1,0,0,3.5106808899730706,0.0,2
1927,15,0,2,1,0.3892455729596333,18,0,1,0,1,0,0,1.4373707502913808,4.0,0
1928,18,1,2,4,0.04741725024107962,16,1,3,0,1,1,0,1.8044174585321688,4.0,0
1929,16,1,1,2,0.8020395197264143,4,1,2,1,1,0,0,3.262269864334146,1.0,2
1930,15,1,0,3,0.6050225349608906,24,0,3,0,1,0,0,1.169658238097338,4.0,0
1931,17,0,2,2,0.1987181856839067,17,0,3,0,0,0,0,1.4015509339508203,4.0,0
1932,18,1,1,1,0.49534434799317406,27,0,3,0,0,1,0,0.5496018253589585,4.0,0
1933,15,0,2,1,0.7431106040757027,22,1,3,0,0,0,0,1.5165082679194366,4.0,0
1934,15,1,2,1,0.7712444468398741,20,1,3,0,0,0,0,2.0322195117185347,3.0,1
1935,18,0,2,0,0.5001398091697817,17,1,3,1,1,0,0,2.289299775238682,3.0,1
1936,15,0,1,1,0.3055124703643232,7,0,2,1,0,0,0,2.086687740995232,3.0,1
1937,16,1,0,1,0.9748089597576939,26,1,3,1,0,0,1,1.6676669904535018,4.0,0
1938,15,1,1,2,0.6640722233861903,14,1,3,0,0,0,0,2.595889050696416,2.0,1
1939,16,0,1,2,0.4086538790353296,12,0,2,0,0,0,0,1.9507691766596456,4.0,0
1940,16,1,2,1,0.2807327141287358,12,0,4,0,0,0,0,2.1025418985543585,3.0,1
1941,18,1,0,1,0.7318904593925871,15,1,0,0,0,0,0,1.3791671997209602,4.0,0
1942,15,1,0,2,0.24240893494574386,21,0,2,0,0,0,0,0.6721996800613397,4.0,0
1943,18,0,2,1,0.17185447283080046,19,0,1,1,0,1,0,1.1416385674703,4.0,0
1944,15,0,2,0,0.5303900172188255,12,0,1,0,0,0,1,1.6210121147431664,4.0,0
1945,15,1,3,1,0.29026783009392654,19,0,3,0,0,0,1,1.1221109734183077,4.0,0
1946,17,1,2,3,0.629575150326474,1,0,4,0,0,0,0,3.402044108383005,1.0,2
1947,15,1,1,3,0.11802135146209843,2,0,3,0,0,0,0,2.683854738684956,2.0,1
1948,18,0,1,1,0.6556410369227716,14,1,4,1,0,1,0,2.996856278708232,2.0,1
1949,16,0,2,2,0.2835692746539918,22,1,1,1,1,0,0,1.2848657108072905,4.0,0
1950,15,1,1,2,0.00019032602069129524,18,1,1,0,0,0,0,1.2010533026138683,4.0,0
1951,17,1,1,2,0.12702907627563256,12,0,2,0,1,0,0,1.978021718438136,4.0,0
1953,15,1,0,2,0.8682987295454517,25,1,0,1,1,0,0,1.1799034066853449,4.0,0
1954,18,1,2,1,0.2338246655552979,21,0,4,1,0,0,0,1.5400594595413652,4.0,0
1955,17,1,0,0,0.779213714048923,5,0,3,0,0,0,1,3.158858262221248,1.0,2
1956,17,0,0,2,0.6092182262392069,13,0,4,0,0,0,1,1.7524968355129966,4.0,0
1957,18,1,0,3,0.9719678271875748,3,1,2,0,0,0,0,3.045113482146093,1.0,2
1958,15,0,0,2,0.37398221173986596,21,0,2,0,1,1,0,1.1656039458580214,4.0,0
1959,16,1,0,3,0.6821910276383042,18,1,3,1,0,0,0,1.7857607910876625,4.0,0
1960,17,1,0,4,0.06355586570780423,22,0,3,0,1,0,0,0.8411087173537893,4.0,0
1961,15,0,3,1,0.3966499244390268,6,0,1,0,1,0,0,2.397182557625913,3.0,1
1962,15,0,1,2,0.9648726307380712,3,1,4,0,0,0,0,3.576909015459067,0.0,2
1963,16,0,0,2,0.5395475166808104,1,0,3,1,0,1,0,3.2251582751891634,1.0,2
1965,17,1,1,4,0.12035632055793001,6,1,1,0,0,1,0,2.8066977641918256,2.0,1
1966,15,0,0,2,0.7042841209833851,2,1,2,1,0,0,0,3.421837670026282,1.0,2
1967,15,1,2,1,0.6455443835431135,14,0,2,0,1,0,1,2.1053092787971117,3.0,1
1968,16,0,1,2,0.3743156486375429,0,0,3,0,0,0,0,3.1609020911559265,1.0,2
1969,16,1,2,1,0.9519815207821432,1,0,0,0,0,0,0,2.993541560404552,2.0,1
1970,17,1,0,2,0.022175446287926268,9,1,3,1,0,0,0,2.490220425623977,3.0,1
1971,18,1,1,3,0.30402007841154177,15,0,3,1,0,1,0,2.1308327796408117,3.0,1
1972,17,1,0,1,0.922075319093203,24,0,1,1,0,0,1,0.8384648733197381,4.0,0
1973,15,1,3,2,0.3212514489037814,27,0,2,1,0,1,0,0.6767710334068527,4.0,0
1974,17,1,1,2,0.2524898974340713,14,1,1,1,0,0,0,1.7359565115853166,4.0,0
1975,18,0,0,2,0.5347815802608467,23,1,1,1,0,0,0,1.254572618142762,4.0,0
1976,16,1,0,1,0.8246957786180137,14,1,2,0,0,0,0,1.9226882349760128,4.0,0
1977,18,0,0,2,0.1032124349468281,13,0,4,1,0,0,0,2.191998419606377,3.0,1
1978,18,0,1,3,0.9440517742045543,21,1,1,0,1,1,0,1.757523486205053,4.0,0
1979,18,1,0,3,0.7959338875700895,13,0,2,1,0,0,0,1.9241023198927736,4.0,0
1980,16,0,1,1,0.18140570543832044,5,0,1,1,0,0,0,2.8079741296204626,2.0,1
1981,18,1,0,3,0.712773488873942,13,1,1,0,0,0,0,2.138772677122642,3.0,1
1982,18,0,1,2,0.38534832458633145,16,0,2,0,0,1,0,1.3638410472397342,4.0,0
1983,18,1,2,1,0.402704206784991,17,0,3,0,1,0,0,1.722726052159269,4.0,0
1984,15,0,2,0,0.7841375551380295,19,1,0,0,1,0,0,1.1921084719956991,4.0,0
1985,18,1,2,1,0.9638385903207256,18,0,4,0,0,0,0,1.5347823896807868,4.0,0
1986,16,1,0,3,0.12674856939107482,29,0,0,0,1,0,0,0.1152432109582913,4.0,0
1987,18,1,0,2,0.4210608413383579,16,0,3,0,1,0,0,1.562359564441758,4.0,0
1988,18,1,1,2,0.48144153726132766,15,0,3,1,0,0,0,2.096032624938282,3.0,1
1989,16,0,0,1,0.3766914797450098,7,1,2,0,1,0,0,3.009238322704304,1.0,2
1990,18,1,0,2,0.3635537026674313,6,0,1,0,0,0,0,2.071108064884564,3.0,1
1991,16,0,0,0,0.05227585996441925,19,1,2,0,0,1,0,1.7473564518959883,4.0,0
1992,18,0,0,1,0.6862737231373824,27,0,3,1,1,0,0,1.0798673690024294,4.0,0
1993,16,0,0,2,0.436662934766946,11,0,3,0,0,1,0,2.271400211003181,3.0,1
1994,18,1,2,1,0.19496482011865032,8,0,2,0,1,0,0,2.117233031215417,3.0,1
1995,18,0,0,3,0.816918601811553,26,1,2,0,0,0,0,0.7435923583787316,4.0,0
1996,15,0,1,1,0.8034303614458835,13,0,3,0,1,0,0,1.892745844623002,4.0,0
1997,15,0,0,2,0.4868978217744104,19,1,4,0,0,0,0,1.58646418895305,4.0,0
1998,18,1,1,2,0.29874082667512475,0,0,3,0,0,1,0,3.512322894833646,0.0,2
1999,18,1,0,2,0.6387732918354843,9,1,3,0,0,1,0,2.629211521173767,2.0,1
2000,17,0,2,1,0.2884304636969075,16,1,2,1,1,0,0,1.836642800001118,4.0,0
2001,16,1,2,0,0.2362263212489261,16,1,3,1,0,1,0,1.834359140428028,4.0,0
2002,17,1,0,3,0.7313014541624441,16,1,3,0,0,0,1,1.7660559772918876,4.0,0
2003,15,0,3,1,0.040318703787900534,3,0,3,1,0,1,1,3.201710217015248,1.0,2
2004,15,0,3,3,0.09482451470393688,16,1,2,0,0,0,0,1.263890771933725,4.0,0
2005,15,1,2,4,0.006743089014995564,17,0,2,0,1,1,1,1.4277243762746905,4.0,0
2006,15,0,2,1,0.15306609888995146,19,0,2,0,0,1,1,1.0707079518820537,4.0,0
2007,18,1,0,1,0.06901642140670206,22,0,2,0,0,0,1,0.8327175057955102,4.0,0
2008,15,1,1,2,0.9968941020510221,1,0,2,0,0,0,0,3.1302227945215697,1.0,2
2009,18,1,0,4,0.28908905401903623,7,0,3,1,0,0,0,2.537098950572448,2.0,1
2010,18,1,0,3,0.14938670066670606,12,0,2,1,0,0,0,1.671076181781797,4.0,0
2011,15,1,3,2,0.2412203827388133,22,0,1,0,1,1,0,0.8165506596743497,4.0,0
2012,15,1,0,2,0.9371487105039671,24,0,3,0,1,0,0,1.1314027355141834,4.0,0
2013,16,0,2,1,0.5207052319160167,29,0,3,0,0,0,0,0.3331542282930413,4.0,0
2014,17,0,2,4,0.36518454767652697,21,1,2,0,0,0,0,1.4890630202510051,4.0,0
2015,15,1,2,4,0.8743424873418434,19,1,1,0,1,0,0,1.6833300315712254,4.0,0
2016,16,1,3,1,0.3953914032292593,21,1,4,1,0,0,0,1.921942133736121,4.0,0
2017,16,1,0,1,0.3353407568592961,14,0,3,0,0,0,0,1.9400069221827017,4.0,0
2018,17,0,0,1,0.20746789514459524,19,0,1,1,0,0,0,1.0658486732058416,4.0,0
2019,18,1,0,1,0.3781781936360349,22,1,0,0,0,0,0,0.9689861311254953,4.0,0
2020,15,0,0,3,0.3169954802079761,8,1,2,1,0,0,0,2.686144990139594,2.0,1
2021,17,1,0,1,0.6780295965671984,2,1,3,1,1,0,0,3.520612391633881,0.0,2
2022,15,1,0,0,0.2898626769531832,2,0,1,1,0,0,0,2.8159732956810704,2.0,1
2023,16,0,2,1,0.5778103192164129,1,0,2,1,1,0,0,3.487510668221957,1.0,2
2024,16,0,1,4,0.06591501692146305,0,1,2,0,0,1,0,3.5921289778598062,0.0,2
2025,18,1,0,2,0.19145614576688672,13,0,3,0,0,0,0,1.5784416654580549,4.0,0
2026,16,1,1,2,0.40782067467581706,16,0,2,1,0,1,0,1.8860081741258312,4.0,0
2027,16,1,0,1,0.937973339651657,12,1,2,0,1,0,0,2.366010872187284,3.0,1
2028,17,0,0,4,0.3776327291797567,18,1,4,1,0,1,0,2.434934378846439,3.0,1
2029,15,0,2,3,0.6647845514727612,29,0,1,0,0,0,0,0.3931864713624303,4.0,0
2030,15,0,1,1,0.2553275439793944,22,0,1,0,1,1,0,0.7132676650608875,4.0,0
2031,17,0,2,0,0.12712670666679257,14,1,3,0,1,1,0,2.574449970243328,2.0,1
2032,18,0,0,0,0.0585509971383528,26,0,1,1,1,0,0,0.7005398668998437,4.0,0
2033,15,0,2,1,0.3057116674818381,24,1,3,1,0,1,0,1.586289237455222,4.0,0
2034,16,1,1,2,0.1577893621182731,13,1,0,0,1,0,0,2.058575292693283,3.0,1
2035,15,1,1,3,0.1741575761287063,1,1,1,0,0,0,0,3.1296400506375512,1.0,2
2036,16,0,1,2,0.7615808731466714,6,1,4,1,1,0,0,3.539198711532371,0.0,2
2037,18,1,2,3,0.015803388312064237,16,0,2,1,1,1,0,2.05996665628182,3.0,1
2038,17,1,1,2,0.5583984111902747,17,0,3,0,1,1,1,1.756035494723187,4.0,0
2039,15,0,1,2,0.379844663639576,5,0,1,1,1,0,0,2.6226010520500767,2.0,1
2040,17,1,3,2,0.5070793645716661,26,0,1,0,0,0,0,0.2628611666623931,4.0,0
2041,15,0,2,1,0.5634242930209222,20,0,3,0,1,1,0,1.704415088568228,4.0,0
2042,16,0,0,1,0.31367500632204515,7,0,2,0,0,0,0,2.1044499314712546,3.0,1
2043,17,1,2,2,0.29539518448895713,27,1,2,1,1,1,0,0.8375123196439725,4.0,0
2044,15,0,0,0,0.7341919681486637,26,0,0,1,1,0,0,0.556828032953946,4.0,0
2045,16,0,0,1,0.8722255870830795,1,0,2,1,0,0,0,3.3501309740346112,1.0,2
2046,17,0,1,2,0.1927501071611329,0,0,3,1,0,0,0,3.279646224162432,1.0,2
2047,17,0,3,4,0.09767808046086657,15,0,3,0,1,0,0,1.5563289566907113,4.0,0
2048,15,0,3,2,0.898774887326882,6,0,3,1,0,0,1,2.8463787534192235,2.0,1
2049,15,0,0,3,0.3502447622425096,21,0,3,0,0,0,0,1.137899800685294,4.0,0
2050,15,0,1,2,0.5518982130635799,23,0,2,1,0,0,0,1.3917877793457225,4.0,0
2051,16,0,0,2,0.35990353261179664,10,1,2,0,0,0,0,2.182795221152233,3.0,1
2052,15,1,3,2,0.12589405179506363,14,1,3,1,0,0,0,2.2538711785078176,3.0,1
2053,17,1,3,3,0.5899561627144927,12,1,1,1,0,0,0,2.2540200372432717,3.0,1
2054,17,1,1,2,0.5256915856294245,29,0,1,1,0,0,0,0.3925490106038808,4.0,0
2055,15,0,2,2,0.20317400185050416,23,0,4,1,1,0,0,1.484857697467839,4.0,0
2056,15,0,2,2,0.4523355564619594,1,0,0,0,0,0,0,2.672093364300088,2.0,1
2057,18,1,1,2,0.7978106651839404,13,0,1,1,0,0,0,1.83151128144078,4.0,0
2058,17,1,0,1,0.5910518788961739,23,0,2,0,0,1,0,0.7581829737450007,4.0,0
2059,16,1,0,0,0.09697584073220067,5,0,3,1,0,0,0,2.9381754672014475,2.0,1
2060,18,0,1,0,0.5485985311754751,8,1,2,1,0,1,0,3.0549241250380565,1.0,2
2061,15,1,1,3,0.7034931719814029,27,0,2,0,1,0,0,0.9175822003619482,4.0,0
2062,15,1,0,1,0.7935616885835698,6,0,4,1,0,1,0,3.4608846527317176,1.0,2
2063,17,0,3,1,0.6297878282183919,17,0,3,0,0,0,0,1.84190774937114,4.0,0
2064,15,1,0,2,0.15278074933773542,23,0,3,1,1,0,0,1.185985514478241,4.0,0
2065,16,0,1,1,0.7109366853819463,8,1,0,1,0,1,0,2.4222306855709315,3.0,1
2066,17,0,1,2,0.6780675268994188,22,0,1,0,0,0,0,0.9126606733812742,4.0,0
2067,15,0,1,1,0.024402072690978223,3,0,2,0,1,0,0,3.073304472562818,1.0,2
2068,17,1,1,4,0.4121680620082229,8,0,1,0,0,0,0,2.1672829561454443,3.0,1
2069,15,1,0,3,0.3332800679310277,3,0,0,1,1,0,0,2.5538644982316425,2.0,1
2070,15,0,0,3,0.6701286302085615,11,0,1,1,0,1,0,2.4486025189472542,3.0,1
2071,15,1,1,2,0.21633136129207775,3,1,2,0,0,1,0,3.4632393046516823,1.0,2
2072,16,1,1,2,0.5914982112087959,24,1,3,1,1,0,0,1.442868859303521,4.0,0
2073,16,1,0,1,0.9142027559041053,29,1,3,0,0,0,0,0.9131278090050235,4.0,0
2074,17,1,2,0,0.7986665160024801,23,0,0,0,0,1,0,0.923753224971706,4.0,0
2075,15,0,0,0,0.9224640152828079,19,0,2,0,1,1,0,1.8435970826083627,4.0,0
2076,15,1,1,2,0.9795778199097973,13,0,1,0,0,0,0,2.0966454405051325,3.0,1
2077,16,0,2,2,0.010629504096314283,23,1,2,0,1,0,0,0.875367123899009,4.0,0
2078,15,0,0,2,0.623404196740865,23,1,2,0,1,0,0,1.4490003209615303,4.0,0
2079,16,1,0,0,0.4132610470627228,6,1,2,0,0,1,0,3.0811935547787432,1.0,2
2080,15,0,2,2,0.8607899597425975,25,0,3,1,0,0,0,1.118752405383704,4.0,0
2081,17,1,1,2,0.252051261978749,12,0,3,0,0,0,0,2.0622007000872045,3.0,1
2082,15,1,1,2,0.9821042427468833,21,0,3,0,1,0,0,1.5629116353425707,4.0,0
2083,15,0,2,2,0.6143605066007748,7,0,3,0,0,1,0,2.49283810766837,3.0,1
2084,18,0,2,1,0.794396643666265,22,0,3,0,0,1,0,1.1001720410942128,4.0,0
2085,16,0,3,3,0.0856450573076759,4,0,3,0,0,0,0,2.693598515909963,2.0,1
2086,15,0,1,2,0.183615872198139,11,1,2,0,0,0,0,1.6848422066992197,4.0,0
2087,15,1,0,1,0.7592225301162171,12,0,2,1,0,1,0,2.423585366966065,3.0,1
2088,18,1,0,1,0.021958906724443516,28,0,3,1,1,0,0,0.4050526130408124,4.0,0
2089,18,1,0,2,0.8177640560922974,19,0,0,0,0,0,0,0.6513407024247787,4.0,0
2090,16,0,1,3,0.013912164693882364,13,0,3,0,0,0,0,1.7948597502988235,4.0,0
2091,18,0,0,2,0.6578212746068439,27,1,4,0,1,0,0,0.9636319307546236,4.0,0
2092,17,0,3,1,0.36546068864542486,17,0,3,0,0,0,0,1.9307827968987483,4.0,0
2093,18,1,1,3,0.6121448459159968,26,0,0,1,1,0,0,0.9943347506957514,4.0,0
2094,17,0,1,2,0.6967785704644976,23,1,2,1,0,0,0,1.3543270341452454,4.0,0
2095,16,1,0,2,0.3428159886045674,24,0,3,1,0,1,0,0.7035731437813568,4.0,0
2096,16,0,0,2,0.108033657555969,19,0,4,0,1,0,0,1.523945155165538,4.0,0
2097,16,1,0,1,0.06967303431963323,3,1,2,1,0,0,0,3.358694269179903,1.0,2
2098,16,1,0,2,0.589560085582396,20,1,3,0,0,0,0,1.76569517319031,4.0,0
2099,16,0,0,1,0.5212009317521824,17,0,3,0,0,0,0,1.787402596174887,4.0,0
2100,17,0,1,4,0.7430012421016571,6,0,1,0,1,1,1,3.154023245749205,1.0,2
2101,17,1,2,2,0.5102685362416977,14,0,3,1,1,0,1,2.005144712913381,3.0,1
2102,16,1,2,2,0.42287848137232453,20,1,2,1,0,0,0,1.7207596503292208,4.0,0
2103,18,0,1,2,0.3984918706473377,5,0,2,0,1,0,1,3.127056224068401,1.0,2
2104,15,0,0,3,0.02642441425330562,15,1,2,0,0,0,0,1.441918756451196,4.0,0
2105,16,1,2,3,0.3358900192212983,19,1,3,1,0,0,1,1.6209212385063754,4.0,0
2106,18,0,2,2,0.9770891531957319,23,1,3,1,1,0,0,2.1962173498725552,3.0,1
2107,15,1,0,2,0.8745067943050013,7,0,2,0,1,0,0,3.1030753433789715,1.0,2
2108,16,1,2,2,0.3297037819717974,27,0,3,1,0,0,0,0.473623395542819,4.0,0
2109,16,0,0,2,0.5884181570069977,20,0,3,0,0,0,0,1.0438658671427483,4.0,0
2110,17,0,2,1,0.8482177804823848,15,1,3,1,0,0,0,2.385530670601707,3.0,1
2111,15,0,3,2,0.44172867050580317,27,0,2,0,1,0,0,0.2701103141247828,4.0,0
2112,15,0,0,1,0.017925617706568128,21,0,0,0,1,0,1,0.4389817405690688,4.0,0
2113,18,0,2,3,0.07454321998248634,15,0,2,1,0,1,0,1.558059855369601,4.0,0
2114,17,1,1,1,0.5109265030159972,2,0,3,1,1,0,0,3.680961344427839,0.0,2
2115,17,1,3,4,0.9705008070879495,16,0,1,0,1,0,0,2.1105837595046006,3.0,1
2116,17,0,0,2,0.6939534621105946,8,0,4,0,1,1,0,3.29154084100464,1.0,2
2117,17,0,2,2,0.07094481817954006,24,0,3,0,0,0,0,0.4277633541749704,4.0,0
2118,15,0,0,2,0.18952564840576475,2,0,3,0,0,0,0,2.846487468746025,2.0,1
2119,15,1,0,1,0.7721568505435619,19,0,3,1,0,1,1,1.7723554330096858,4.0,0
2120,16,0,0,1,0.8423540626093328,28,1,2,0,0,0,0,0.7975176691622691,4.0,0
2121,16,0,3,0,0.6183517056496842,6,1,3,1,1,0,0,3.52093145282294,0.0,2
2122,17,1,2,2,0.6451110121777643,17,0,2,0,1,0,0,1.5913657381425088,4.0,0
2123,17,1,2,2,0.02831713512327736,11,0,3,1,0,0,0,1.8640736524087984,4.0,0
2124,17,0,3,2,0.8294297234496633,18,1,3,0,1,0,0,2.4118406224250792,3.0,1
2125,16,0,0,1,0.7891284009957193,15,0,3,0,0,0,0,2.137692088152197,3.0,1
2126,18,0,0,1,0.25928000358760483,21,0,3,0,0,0,0,1.073333389897043,4.0,0
2127,18,1,0,2,0.7094384185564436,26,0,0,1,0,0,0,0.3124795812740794,4.0,0
2128,16,0,0,3,0.2150486827280464,23,0,0,0,0,0,0,0.5022261210258885,4.0,0
2129,16,0,0,2,0.04032363077527089,16,0,3,0,0,1,0,1.4903088969066125,4.0,0
2130,16,0,0,2,0.20131485070774555,19,1,1,1,0,0,0,0.8765441058695893,4.0,0
2131,16,1,0,2,0.17878131350538712,14,1,2,1,1,0,0,2.051919032041663,3.0,1
2132,16,1,0,0,0.33808333246201067,0,0,2,1,0,0,0,3.294332437143911,1.0,2
2133,16,0,0,4,0.4188775949905476,1,0,0,0,0,0,0,2.6078393525028623,2.0,1
2134,17,0,0,2,0.5090705422860594,7,0,0,0,0,0,0,2.207001981395421,3.0,1
2135,17,1,3,1,0.4772489911092069,21,0,3,1,1,0,0,1.629355895809393,4.0,0
2136,17,1,2,2,0.27093284439267395,24,0,3,0,0,0,0,0.4937411351889655,4.0,0
2137,17,1,3,1,0.029151311054017175,1,0,2,0,1,1,0,3.204313181292444,1.0,2
2138,16,1,0,4,0.6057442667551148,18,1,4,0,0,0,0,2.068111784968204,3.0,1
2139,18,1,0,1,0.3961468298534128,8,0,1,1,0,0,1,2.281345006080266,3.0,1
2140,15,1,2,2,0.2989625775130758,8,1,1,0,1,0,0,2.4821724081876124,3.0,1
2141,16,1,0,1,0.8678846578536469,12,0,3,1,0,1,0,2.622179001774681,2.0,1
2142,15,1,0,2,0.7475487619097285,5,0,3,0,0,1,0,3.350591978852337,1.0,2
2143,18,1,0,2,0.8586986166520956,29,0,2,1,0,1,0,0.8411757539950683,4.0,0
2144,17,0,0,2,0.49549886348765215,14,0,4,1,0,1,0,2.371982914818465,3.0,1
2145,18,0,0,2,0.13102886299203384,18,1,4,0,1,0,0,1.9225913490306887,4.0,0
2146,16,0,0,3,0.6969688180250495,20,0,0,0,0,0,0,1.0075173084456468,4.0,0
2147,17,1,1,0,0.20625776314660965,14,0,1,1,0,0,0,1.5538733401089513,4.0,0
2148,16,0,0,1,0.4416839515043508,17,0,3,0,0,0,0,1.2476927957970836,4.0,0
2149,17,1,0,1,0.06502261624892088,6,0,2,1,0,0,0,2.460743527113226,3.0,1
2150,15,1,2,4,0.8262041629374771,25,0,0,1,0,1,1,0.9633404310113688,4.0,0
2151,15,0,0,1,0.12603251547042055,10,0,3,0,0,0,0,2.083697985872881,3.0,1
2152,15,1,0,2,0.9040826820074472,7,1,2,0,0,1,0,2.942198841728139,2.0,1
2153,18,0,2,2,0.8651711017772351,5,1,2,0,0,1,0,3.1794507681007715,1.0,2
2154,16,0,0,1,0.46506388999447523,7,0,1,1,0,0,0,2.627337296160058,2.0,1
2155,18,0,0,1,0.7451709283602573,1,0,3,0,0,1,0,3.1094935788792104,1.0,2
2156,15,1,0,1,0.6201042053717916,18,0,2,1,0,0,0,1.4229175121495328,4.0,0
2157,16,0,0,2,0.8039458474755166,15,0,1,1,1,0,0,2.0582044841224825,3.0,1
2158,15,1,1,1,0.4322485501579076,6,1,2,0,0,0,1,2.917010983412451,2.0,1
2159,18,0,2,0,0.7866588417011177,9,1,2,0,1,0,0,3.1844421071087297,1.0,2
2160,18,0,0,3,0.46293549895680003,11,0,4,0,0,1,0,2.6053753688041805,2.0,1
2161,18,0,1,4,0.941994490378156,16,0,4,1,1,0,0,2.346025741368296,3.0,1
2162,15,1,1,1,0.4868782720651118,6,1,1,0,0,0,0,2.23946398594873,3.0,1
2163,16,1,0,1,0.4630981405586235,21,1,3,0,0,0,0,1.7511633575642405,4.0,0
2164,16,1,1,0,0.785921372311638,7,0,3,1,1,0,0,2.952721567213245,2.0,1
2165,15,0,0,2,0.8224691640216004,6,0,3,0,1,0,0,3.072136606487933,1.0,2
2166,16,0,0,3,0.555073582449801,3,0,2,0,0,0,0,2.809311538791001,2.0,1
2167,15,1,0,1,0.1799515938768531,2,1,0,0,0,0,0,2.6440598613135307,2.0,1
2168,16,1,0,1,0.468243006542892,18,0,3,1,0,0,1,1.3974290948962047,4.0,0
2169,17,1,0,2,0.9691323631741126,14,1,1,0,0,0,0,2.4400605261033226,3.0,1
2170,17,1,2,2,0.753798823015719,3,0,1,0,0,0,0,2.6268192376885877,2.0,1
2171,18,1,0,0,0.8120421045496197,24,0,3,1,1,0,0,1.4684288845931317,4.0,0
2172,17,1,0,2,0.03281034233240659,8,0,4,0,0,1,0,2.3806669165758354,3.0,1
2173,17,0,0,1,0.46834435457990736,12,1,1,1,0,0,0,2.303453349269981,3.0,1
2174,17,1,2,1,0.647311502648398,17,0,3,0,0,0,0,1.5961281034309902,4.0,0
2175,15,0,1,2,0.8309338744528627,20,1,2,0,1,0,0,1.6853891464062594,4.0,0
2176,17,0,1,3,0.049277403376119425,15,0,3,0,1,0,0,1.8970003503646624,4.0,0
2177,17,1,2,2,0.8533658312056679,0,1,2,0,0,0,0,3.496776544580716,1.0,2
2178,18,1,2,3,0.548978406833816,3,1,1,0,0,1,0,3.361230858272882,1.0,2
2179,17,0,0,2,0.19748788484995122,17,0,1,0,0,0,1,0.8217016697705576,4.0,0
2180,17,1,1,2,0.31756699681449363,7,1,2,0,0,1,1,2.6404761356980795,2.0,1
2181,16,1,2,2,0.2822007271412686,19,0,1,0,0,1,0,0.8972169272385859,4.0,0
2182,18,0,3,3,0.5314163408953285,15,0,0,0,1,1,0,1.674676218445066,4.0,0
2183,18,0,2,3,0.05169220220061838,20,0,3,0,1,0,0,0.906353743453148,4.0,0
2184,18,0,0,0,0.15866549973869462,10,1,2,0,0,1,0,2.4190289368571505,3.0,1
2185,18,1,0,3,0.813574303205175,19,1,3,1,0,0,0,2.13144706871876,3.0,1
2186,18,0,0,3,0.13270352433625598,20,0,1,0,0,0,1,1.030802658909541,4.0,0
2187,18,1,2,2,0.23361165841790635,20,1,3,0,0,0,1,1.5095198602197917,4.0,0
2188,15,0,0,1,0.4538388433783908,20,0,2,1,1,1,0,1.7892398367181417,4.0,0
2189,17,0,0,3,0.5176624034509196,26,1,0,0,0,0,0,0.5964170171485198,4.0,0
2190,18,0,2,3,0.7644353216437527,18,0,2,0,0,0,0,1.4145556778225787,4.0,0
2191,17,1,0,1,0.4477937238744777,22,0,0,0,1,1,0,1.242176324159397,4.0,0
2192,17,1,2,4,0.7907196408060876,18,0,3,1,0,0,0,1.9347838118971947,4.0,0
2193,15,0,0,0,0.6190041756250566,17,0,3,0,1,0,0,2.315769874969324,3.0,1
2194,18,0,0,1,0.11317685391242939,18,0,2,1,1,0,0,1.8186125604584331,4.0,0
2195,16,0,0,2,0.15645824542296044,10,0,1,1,1,1,1,2.3631214597500585,3.0,1
2196,15,1,2,2,0.43748318484807514,2,0,1,0,0,0,0,2.791339403107066,2.0,1
2197,16,0,0,2,0.3972927087097456,7,1,2,1,0,0,0,2.9545340837691567,2.0,1
2198,17,1,0,0,0.744346046624429,19,0,3,0,0,0,1,1.8128870432088853,4.0,0
2199,17,0,3,4,0.5813517786369827,18,1,1,0,0,0,0,1.1414565556036804,4.0,0
2200,15,0,0,0,0.3885263317073432,9,0,0,0,1,0,0,2.295362280360723,3.0,1
2201,15,0,1,1,0.17090367567144682,15,0,2,1,0,0,0,1.6771008018764466,4.0,0
2202,16,0,1,0,0.22704495187107585,4,0,2,0,0,0,0,2.7521639310365127,2.0,1
2203,18,0,0,2,0.5761096386653637,19,1,1,0,0,0,0,1.201444582455696,4.0,0
2204,16,0,1,3,0.4238726376590812,8,1,2,1,1,1,1,2.901185606881623,2.0,1
2205,15,1,0,2,0.5154665030253215,7,0,2,1,0,0,0,2.6768273942833725,2.0,1
2206,16,0,1,3,0.17082073229374942,10,0,2,1,0,0,0,2.297639912551669,3.0,1
2207,15,1,0,0,0.6636153402142804,15,0,2,0,0,0,0,1.4514410214002431,4.0,0
2208,16,0,1,2,0.8534658011980261,6,0,3,0,1,0,0,2.981786874282664,2.0,1
2209,15,0,0,2,0.2581831068942628,14,1,0,0,0,1,1,1.4152214905212377,4.0,0
2210,15,1,1,2,0.4920263076713384,23,0,1,1,0,0,0,0.9285393441441628,4.0,0
2211,15,0,0,0,0.9765957582119537,28,0,2,0,0,0,1,0.984031782647104,4.0,0
2212,18,1,0,2,0.33357189657577785,20,1,2,1,0,0,1,1.382935704905427,4.0,0
2213,16,1,0,2,0.5956774314345858,19,1,2,0,1,0,0,1.8638998217614855,4.0,0
2214,16,0,0,2,0.09024648771241692,22,0,3,1,1,0,0,1.2284288472926583,4.0,0
2215,16,1,2,2,0.6066586968794776,16,0,3,1,0,1,0,2.137393264966037,3.0,1
2216,15,1,0,1,0.08968191261277948,5,0,1,1,0,1,0,2.434532444006976,3.0,1
2217,16,0,3,2,0.9602851378484875,14,0,3,0,0,0,0,2.2564883117007817,3.0,1
2218,16,1,3,1,0.7164323806211149,7,0,2,0,1,0,0,2.6891551121146304,2.0,1
2219,15,0,1,3,0.7890128482913968,6,1,1,0,0,0,0,3.1312358848124213,1.0,2
2221,15,0,0,1,0.5903540106232237,29,0,3,0,1,0,0,0.7995911976901089,4.0,0
2222,16,0,2,4,0.4503770442741329,12,0,4,1,1,0,0,2.964668230929299,2.0,1
2223,15,1,0,2,0.8593071467106091,29,0,1,0,1,0,0,0.7027603188634381,4.0,0
2224,17,0,0,0,0.9578826116621393,22,0,1,1,0,1,0,1.1936177713396423,4.0,0
2225,15,0,1,2,0.4995569008221901,28,0,2,0,1,0,0,0.2999519061623816,4.0,0
2226,16,1,2,1,0.9325529115574598,5,0,3,0,1,0,0,3.299578873421429,1.0,2
2227,17,0,2,3,0.5839505325280969,28,0,1,0,0,0,0,0.2123670952038988,4.0,0
2228,18,0,0,3,0.5389501432664758,4,0,3,1,1,1,0,3.526125037802421,0.0,2
2229,16,1,1,4,0.4549522490609046,19,0,2,0,1,0,0,1.6117379539626009,4.0,0
2230,17,1,0,2,0.20947543904066998,0,0,2,1,1,0,0,3.343050864114286,1.0,2
2232,18,1,2,2,0.24173093778107202,17,0,3,1,0,0,0,1.636403110402885,4.0,0
2233,15,1,0,1,0.51025618365899,14,0,0,0,0,0,0,1.7097013783889978,4.0,0
2234,15,1,0,2,0.3803438083875102,22,0,4,0,1,1,0,1.4851118281074416,4.0,0
2235,16,1,0,2,0.4489478502948236,9,0,2,1,1,0,0,2.9994091469264443,2.0,1
2236,18,0,2,0,0.9817225349467609,2,1,0,1,0,0,0,3.515415829646008,0.0,2
2237,15,1,2,2,0.3506221024990391,4,0,3,0,0,0,0,2.91813912755296,2.0,1
2238,18,1,1,3,0.4526498119750822,23,0,4,1,1,0,0,1.3622335993641654,4.0,0
2239,15,1,2,3,0.13361613273275938,28,0,3,0,0,0,0,0.205067960146301,4.0,0
2240,17,0,0,0,0.0479599696488797,12,0,3,1,0,1,0,2.2332394663089845,3.0,1
2241,15,0,0,0,0.7762479189860364,7,1,3,0,1,0,0,3.159302938456266,1.0,2
2242,18,1,0,1,0.5712862574132201,21,1,4,0,0,1,0,1.994611703201556,4.0,0
2243,17,1,0,3,0.7615263081560683,20,0,0,0,0,0,1,0.9990885438974272,4.0,0
2244,17,1,0,1,0.14998217055917243,28,0,3,1,1,0,0,0.5219557256642748,4.0,0
2245,17,0,3,2,0.5724331703258082,1,0,3,1,0,0,0,3.463687549123432,1.0,2
2246,18,0,0,1,0.2538811352381983,8,0,0,0,1,0,0,1.9879647265294176,4.0,0
2247,16,1,0,2,0.2282710741899477,16,0,2,1,0,0,1,1.6819048043902567,4.0,0
2248,16,0,0,1,0.011486374939832728,26,0,2,0,0,0,0,0.1126350589951871,4.0,0
2249,16,1,0,2,0.13043765565311982,17,0,3,1,0,0,1,1.9079839135479155,4.0,0
2250,18,0,3,1,0.30957071111162066,12,0,0,0,0,0,0,1.1979333311054492,4.0,0
2251,17,0,0,2,0.11696021886363754,0,1,3,0,0,0,0,3.2152726848869184,1.0,2
2252,16,1,0,1,0.9869387446657477,11,0,1,0,0,0,0,2.190269258704484,3.0,1
2253,18,1,2,2,0.3089345177049409,19,0,2,0,0,1,0,1.1509661314441684,4.0,0
2254,16,1,0,3,0.13042085950225898,19,0,3,0,0,0,1,0.6901513450987352,4.0,0
2255,15,1,0,1,0.19925825971733396,20,0,2,1,0,0,0,1.5199552920755757,4.0,0
2256,16,0,0,3,0.5883258743298532,4,1,2,0,0,0,0,3.168988610106379,1.0,2
2257,16,0,1,2,0.06406425083945623,7,0,0,1,0,0,0,1.8081645587687407,4.0,0
2258,17,0,3,1,0.8633725647075603,26,1,3,1,0,0,0,1.1158787303056936,4.0,0
2259,18,1,2,2,0.9625519843899153,14,0,4,0,0,0,0,2.0033079798237297,3.0,1
2260,17,0,0,1,0.2469781560662677,26,1,4,0,0,0,0,0.8897149150878433,4.0,0
2262,17,0,0,2,0.02210700575113326,5,0,1,1,0,0,0,2.3254340649162404,3.0,1
2263,17,1,0,1,0.6413937994422338,27,0,1,1,0,1,0,0.6133163315649763,4.0,0
2264,17,1,0,2,0.4143489564146899,12,1,1,1,1,1,0,2.71222974268319,2.0,1
2265,16,0,0,3,0.270315996308896,11,0,2,0,0,1,0,2.096616211446693,3.0,1
2266,17,1,1,3,0.2070219712341111,18,0,1,1,0,0,0,1.183063850341623,4.0,0
2267,17,1,1,2,0.6547219547910442,28,0,1,0,0,1,0,0.5601746057023475,4.0,0
2268,18,0,3,4,0.41664256274616013,17,0,3,0,0,0,0,1.1674254127713368,4.0,0
2269,15,1,1,2,0.17981291018517537,23,0,2,1,0,0,1,0.9231815615047178,4.0,0
2271,16,1,0,3,0.5656689159555889,24,0,4,1,1,0,0,1.212880751488374,4.0,0
2272,16,0,0,2,0.8596061651902835,26,0,3,0,0,1,0,0.9621492198905311,4.0,0
2273,17,0,1,2,0.11755804352793091,6,1,3,1,0,0,0,2.5020091336326127,2.0,1
2274,17,1,0,2,0.7865167963150568,11,0,3,1,0,0,0,2.4562237944460525,3.0,1
2275,17,0,2,3,0.6742380709327228,9,1,2,1,0,0,0,2.646556960552807,2.0,1
2276,18,1,0,3,0.11509024813659896,28,1,0,0,0,0,0,0.3817684951501578,4.0,0
2277,15,1,0,2,0.6955665017380691,11,1,0,1,1,0,0,2.396139095071558,3.0,1
2278,17,1,0,1,0.44200193637953894,10,1,1,0,1,1,0,2.595648862597705,2.0,1
2280,18,1,0,2,0.14172123768904882,18,1,4,1,0,0,0,1.4195226349555488,4.0,0
2281,16,0,2,1,0.6435194059973873,5,0,4,1,1,0,0,3.432684708354722,1.0,2
2282,17,1,0,2,0.3823662235805341,24,0,0,0,0,0,1,0.1293067518875465,4.0,0
2283,15,0,1,2,0.9578615905750728,8,1,4,0,0,0,0,2.9289482377250686,2.0,1
2284,15,0,0,1,0.3303012962502333,19,0,2,0,0,0,0,0.9471334632498166,4.0,0
2285,17,1,0,1,0.9632390034297936,9,1,3,0,1,0,0,2.9995441039151167,2.0,1
2286,16,1,0,1,0.9024691735459842,4,1,1,1,0,0,0,3.055386295398076,1.0,2
2288,16,0,0,1,0.8044125177610334,12,1,2,0,1,0,1,2.745858798383193,2.0,1
2289,18,0,2,1,0.9966957082933461,8,0,3,1,0,1,1,3.214628425697648,1.0,2
2290,15,1,0,2,0.25290053721687467,1,0,1,0,0,1,0,3.4154133242434344,1.0,2
2291,15,0,2,1,0.4372263338239848,17,0,1,1,0,0,1,1.4693892718306072,4.0,0
2292,15,1,0,0,0.520725769037608,20,0,4,0,0,0,0,1.5521129376507927,4.0,0
2293,18,1,1,1,0.2952172558238015,0,0,4,0,0,0,0,3.548459826086951,0.0,2
2294,15,1,1,2,0.015229498114291569,23,0,0,1,0,0,0,0.192625111740147,4.0,0
2295,18,0,3,2,0.2203293834165079,20,0,3,0,0,0,0,1.3489974202990602,4.0,0
2296,16,1,0,1,0.2822080681598892,11,1,2,0,1,0,0,2.1431050688591977,3.0,1
2297,17,1,0,2,0.44405670795697033,9,0,2,0,1,0,1,2.4713865329338423,3.0,1
2298,15,1,0,4,0.1712462639693958,1,0,2,0,1,0,0,3.205425334412305,1.0,2
2299,15,1,2,1,0.87420522853373,27,0,2,1,0,0,0,0.4541144380742554,4.0,0
2300,16,1,1,1,0.7056685029797735,8,1,2,1,0,0,0,2.809833207494068,2.0,1
2301,17,0,2,1,0.08524552332875332,1,1,2,0,0,0,0,2.997505608420635,2.0,1
2302,18,1,0,2,0.6507868102258252,22,0,2,1,1,0,1,1.1761890337144745,4.0,0
2303,17,1,0,2,0.6543549321492375,23,0,3,1,1,1,0,1.6689245457866109,4.0,0
2304,16,0,0,1,0.9572674114346084,29,1,3,1,1,0,0,1.6230040750090506,4.0,0
2305,16,1,3,2,0.002971456033268384,21,0,2,0,0,0,1,0.5177931283748711,4.0,0
2306,17,0,1,0,0.24816454733274038,13,0,1,1,0,0,0,1.9461006983336528,4.0,0
2307,18,1,3,2,0.9288050387429082,10,0,3,0,1,0,0,2.815003047977988,2.0,1
2308,18,0,0,2,0.9331524661654157,22,0,3,1,0,0,0,1.24818256681425,4.0,0
2309,15,0,1,1,0.7213618075284018,10,1,3,1,0,0,0,2.759014343384976,2.0,1
2310,18,1,1,2,0.7665906376540037,16,0,2,0,1,0,0,1.9212942080249984,4.0,0
2311,17,1,0,1,0.091535225076201,3,0,1,0,0,0,0,2.732290675858265,2.0,1
2312,16,1,2,2,0.51441362009939,12,0,3,0,0,0,0,2.2286086189122747,3.0,1
2313,15,0,3,0,0.23179629598184398,6,1,2,0,0,1,0,2.611688472593835,2.0,1
2314,15,0,2,3,0.18137345647447417,15,1,4,0,0,1,0,2.197776727185656,3.0,1
2315,16,0,2,1,0.8111818120686491,0,1,3,1,0,0,0,3.3355067927178226,1.0,2
2316,18,1,0,3,0.13514046819144238,12,0,1,0,0,0,0,1.7215979626358573,4.0,0
2317,16,0,0,1,0.46913743950448195,0,0,2,0,1,1,1,3.2879731984208025,1.0,2
2318,18,0,3,2,0.9396041977614996,10,1,3,0,0,0,0,2.561964556788972,2.0,1
2319,16,1,0,1,0.18599277198784359,5,0,2,0,0,0,0,2.3585718660404216,3.0,1
2320,17,0,2,3,0.9790646875741659,19,1,2,0,0,0,0,1.497673654260138,4.0,0
2321,18,0,2,1,0.9953779793304751,2,0,3,1,0,0,0,3.5172371287357262,0.0,2
2322,17,1,1,1,0.5562029194335073,11,0,3,0,0,0,0,2.404089819888117,3.0,1
2323,15,0,3,2,0.17028542256503018,4,0,1,1,1,1,1,2.5172289818586204,2.0,1
2324,16,1,0,0,0.3164153460641734,8,1,2,0,0,0,0,2.4352442824022056,3.0,1
2325,15,1,0,1,0.4249278769847637,25,1,4,1,0,0,0,1.283227506286419,4.0,0
2326,15,1,0,3,0.3096268884688984,25,0,4,0,1,0,0,1.099434304470497,4.0,0
2327,15,1,0,4,0.2809052679142885,11,0,3,1,0,0,0,2.1911967950430395,3.0,1
2328,15,1,0,1,0.9732943479686121,29,1,4,1,0,1,0,1.584478764070205,4.0,0
2329,16,0,0,3,0.15348822448413446,29,0,2,1,0,0,0,0.4757308333876264,4.0,0
2330,15,0,2,2,0.7341179425398074,27,1,2,1,0,0,0,1.2072685461345751,4.0,0
2331,16,1,3,1,0.0003578733910414657,26,0,2,1,0,0,0,0.264924162952827,4.0,0
2332,16,1,0,2,0.5968150620578285,9,0,1,1,0,0,0,2.706659620286692,2.0,1
2333,17,0,0,2,0.9169429441285345,18,0,2,1,0,0,0,1.5304278892477712,4.0,0
2334,18,1,3,4,0.28821217138538974,4,0,2,1,1,0,1,3.1274525275923986,1.0,2
2335,18,1,0,1,0.18568633985716546,25,0,3,1,0,0,0,1.003614145687202,4.0,0
2336,16,1,0,2,0.6523759785316291,4,0,3,0,0,0,1,3.3692186048208828,1.0,2
2337,17,0,0,0,0.7133676171089411,8,0,3,0,0,0,0,2.79138610847234,2.0,1
2338,16,0,1,1,0.6887684858315705,26,0,2,1,0,0,0,0.6735259456903064,4.0,0
2339,16,1,0,0,0.31963103015892863,27,0,1,0,0,0,0,0.3375541414467983,4.0,0
2340,16,1,3,4,0.2524394077696763,25,1,2,1,0,0,0,0.886889415770466,4.0,0
2341,17,0,0,3,0.9569646901905394,26,0,3,0,1,1,0,1.5066627733506968,4.0,0
2342,18,0,1,2,0.9243079043553483,19,0,1,0,1,1,0,1.7051993889190245,4.0,0
2343,17,1,0,2,0.45778938338937347,16,0,2,1,0,0,1,1.972791413902718,4.0,0
2344,15,1,0,1,0.8471136334,9,0,2,0,1,0,0,2.626082828753646,2.0,1
2345,17,0,1,1,0.45279051179055113,20,1,3,0,0,0,0,1.671968652950504,4.0,0
2346,17,0,2,1,0.42482394305136617,0,0,3,0,0,0,0,3.0937609252908795,1.0,2
2347,17,0,2,1,0.15689025062632772,21,1,3,0,1,0,1,1.6433737595842497,4.0,0
2348,17,1,1,2,0.42684329994934755,27,0,2,1,1,0,0,0.3392066993150443,4.0,0
2349,18,0,3,2,0.5379817831693126,15,0,2,0,0,1,1,1.9263590676627524,4.0,0
2350,15,1,2,0,0.022477307303595838,25,0,1,1,0,0,0,0.4499062079461153,4.0,0
2351,18,0,2,0,0.444570601829707,25,1,1,0,0,0,0,0.7095708392685087,4.0,0
2352,18,0,0,1,0.7822014582088769,14,1,1,1,0,0,1,1.748279682449194,4.0,0
2353,17,0,0,2,0.6807748455382573,22,0,1,0,1,0,0,0.9721682581321198,4.0,0
2354,16,0,0,3,0.6358341804293081,16,1,1,0,0,0,1,1.934935784062694,4.0,0
2355,16,1,1,2,0.9105480264329333,25,0,1,0,0,1,0,0.6903478839140333,4.0,0
2356,18,1,0,3,0.017999849008621872,19,1,1,0,0,0,0,0.7303661593128756,4.0,0
2357,18,0,0,2,0.5576349951483752,24,0,3,0,0,0,1,0.6822651648416035,4.0,0
2358,17,1,2,1,0.7882009764332593,12,0,4,1,1,0,0,3.0234824828446896,1.0,2
2359,18,0,2,1,0.5419047313141212,0,0,3,0,1,1,0,3.729652301008408,0.0,2
2360,17,0,3,3,0.3242149656588231,24,1,0,0,0,0,0,0.8419632253726905,4.0,0
2361,16,0,0,2,0.13635429022492804,7,1,2,0,0,0,0,2.584174278596964,2.0,1
2362,16,0,1,1,0.8885303907662112,4,1,3,1,0,0,0,3.3721260428259656,1.0,2
2363,15,1,0,2,0.47125062109689947,5,1,1,0,0,0,0,3.060805402033993,1.0,2
2364,16,0,0,2,0.8790716561054708,22,0,3,0,0,0,0,1.1680520002406818,4.0,0
2365,18,0,0,2,0.5864726406736335,19,1,2,0,0,0,0,1.3492561219436314,4.0,0
2366,16,1,0,3,0.6749141769861938,29,1,4,1,0,0,0,1.1179648263826585,4.0,0
2367,17,0,0,2,0.8051327221993387,13,0,3,1,0,1,0,2.578667734306398,2.0,1
2368,16,0,2,2,0.6598603212305328,21,0,3,0,1,0,0,1.6255519548363606,4.0,0
2369,15,0,0,0,0.3984594959197402,22,0,3,0,0,0,1,0.9340163958011902,4.0,0
2370,16,1,2,0,0.5141708905654346,10,1,1,0,1,0,1,2.702638340113748,2.0,1
2371,17,0,1,1,0.8039156951949991,5,1,1,1,0,0,0,2.964009263152522,2.0,1
2372,17,1,0,0,0.3740268998864663,10,1,2,0,1,0,0,2.267458131705519,3.0,1
2373,18,0,0,2,0.3885146941121518,12,1,1,1,0,0,0,1.7536230683511045,4.0,0
2374,16,0,0,2,0.09574721910934107,11,1,1,0,1,0,0,2.0232340815930123,3.0,1
2375,17,1,1,1,0.9155828137936387,21,1,2,0,0,0,0,1.6780125322160857,4.0,0
2376,15,0,0,3,0.09108806869961075,1,1,3,0,1,1,0,3.659836405312248,0.0,2
2377,18,0,0,1,0.6489013718113801,20,0,0,1,1,0,0,1.3627443691586447,4.0,0
2378,15,1,0,1,0.41361653625341227,2,0,1,1,0,0,0,2.8138057680897126,2.0,1
2379,16,1,1,1,0.4060327405441573,22,0,2,1,0,0,0,1.3027119835441363,4.0,0
2380,16,1,3,1,0.6802800576572623,3,1,2,0,1,0,1,3.3839114785072537,1.0,2
2381,16,1,0,1,0.06711796565749609,16,0,1,0,1,0,0,1.3787513079619265,4.0,0
2382,18,1,2,2,0.5943353285574822,27,0,4,0,1,0,0,0.731486867136845,4.0,0
2383,17,0,1,2,0.7728663078462713,27,0,2,0,1,0,0,0.4005694786322673,4.0,0
2384,18,1,3,4,0.8291118568034161,21,0,2,0,1,1,0,1.7290731666537256,4.0,0
2385,15,0,2,0,0.1706735173638303,5,0,0,0,0,0,0,2.615653764886057,2.0,1
2386,18,0,1,1,0.8983976979516601,6,0,2,0,0,1,1,2.9869427371126283,2.0,1
2387,15,0,1,0,0.6568474092717623,14,0,3,0,0,0,0,2.1269889706667486,3.0,1
2388,18,1,2,2,0.8828155584164143,10,0,1,1,0,1,0,2.7081110403183013,2.0,1
2389,17,1,0,0,0.4857856338625559,23,0,2,0,0,0,0,0.8157773688726507,4.0,0
2390,15,0,0,3,0.5426034959807546,2,0,0,1,0,0,0,2.5244238950940066,2.0,1
2391,16,1,0,2,0.9200417750551327,29,0,4,0,0,0,0,0.9082386041357368,4.0,0
2392,16,1,2,2,0.9008910539178856,5,0,0,1,0,0,0,3.0556902074734404,1.0,2
2393,18,1,2,2,0.44862312283277,25,0,3,0,0,0,1,0.8379468984553826,4.0,0
2394,16,1,0,1,0.2746751667250121,1,0,2,0,0,0,0,2.833576110778921,2.0,1
2395,15,0,1,1,0.39356947543969545,28,1,2,1,0,0,0,0.7852135676838187,4.0,0
2396,16,0,0,1,0.3881571553734645,13,0,3,0,0,0,1,1.8856147854844247,4.0,0
2397,17,1,0,2,0.2871437255632876,8,0,1,1,1,0,0,2.7012305082850903,2.0,1
2398,17,0,3,1,0.26883543466726045,17,0,2,1,0,0,0,1.5219159011875882,4.0,0
2399,18,1,0,1,0.8619997949318463,18,0,2,0,1,0,0,1.879725986688092,4.0,0
2400,15,1,0,4,0.06988933559740301,11,0,0,1,0,1,0,2.0373480173849385,3.0,1
2401,17,0,1,0,0.6783371725049424,12,0,3,1,0,0,0,2.520673675043246,2.0,1
2402,17,0,2,3,0.17296581127142244,25,0,0,0,0,0,0,0.1361659080098038,4.0,0
2403,15,0,0,2,0.3448489969644597,11,0,3,1,0,0,0,1.9746552454467765,4.0,0
2404,16,1,1,1,0.06156088692938499,11,0,2,1,0,1,0,2.194980371913127,3.0,1
2405,16,0,1,1,0.27023106955609005,17,1,1,0,0,1,0,1.7179959243485303,4.0,0
2406,18,1,0,1,0.7692514426662322,8,0,3,0,1,0,0,2.510328721169093,2.0,1
2407,16,0,0,2,0.8859797149971281,16,1,2,0,1,1,0,2.4349505569398877,3.0,1
2408,15,0,1,2,0.22172889794199874,20,0,2,1,1,0,0,1.3550534623962087,4.0,0
2409,17,1,0,2,0.46402777522263106,15,0,2,1,1,0,1,1.5452551045196994,4.0,0
2410,16,1,3,3,0.47081177279284186,16,0,1,1,0,0,1,1.6190305128354965,4.0,0
2411,18,1,2,2,0.8745265465156966,20,1,3,0,0,0,0,2.020741651591236,3.0,1
2412,16,1,3,1,0.7636229622134664,23,0,2,0,0,0,1,0.983576997394541,4.0,0
2413,15,1,0,1,0.5136140857220648,7,0,1,1,0,0,1,2.0624682672770884,3.0,1
2414,18,1,3,3,0.6714653010948523,10,0,3,0,1,0,0,2.644194209070477,2.0,1
2415,16,1,0,1,0.8482761558786361,23,0,0,1,1,0,0,1.3478638291935137,4.0,0
2416,18,1,0,0,0.009497030892442679,1,1,1,1,1,0,0,3.055253981943473,1.0,2
2417,15,0,0,2,0.4033002440853394,7,0,2,0,1,0,0,2.513692714891721,2.0,1
2418,17,1,0,2,0.9082331074514323,11,0,3,0,0,0,0,2.3403719144352,3.0,1
2419,15,1,1,3,0.741111093693735,20,0,4,0,0,0,0,1.5820932661745084,4.0,0
2420,15,0,0,2,0.5434124540043129,0,0,3,1,0,1,0,3.5655241629362697,0.0,2
2421,15,1,0,0,0.5302004376304126,22,0,2,1,1,0,0,1.6014725497408242,4.0,0
2422,15,0,1,3,0.3481169532041809,12,0,3,1,1,0,0,2.637266428600202,2.0,1
2423,17,0,0,1,0.5210659566910505,21,0,2,0,0,0,1,0.9052099482554694,4.0,0
2424,17,1,1,1,0.6560836399835024,20,1,1,0,0,0,0,1.5767564705892163,4.0,0
2425,18,0,0,2,0.4187910368641459,16,0,4,1,0,1,0,1.785051807919565,4.0,0
2426,16,1,2,0,0.7149211398443824,13,1,1,0,0,0,0,1.8800650933404628,4.0,0
2427,17,0,2,2,0.8621692803032723,13,0,2,1,1,0,0,2.5552231050706653,2.0,1
2428,17,0,0,1,0.15480976254700513,15,0,3,0,0,0,0,1.574306088258861,4.0,0
2429,16,0,0,2,0.4520131644801124,16,0,3,0,0,1,0,1.8138466222839496,4.0,0
2430,17,1,0,1,0.40843620105210543,5,1,0,0,0,0,0,2.5844682625115074,2.0,1
2431,15,1,2,2,0.6882021206700876,25,0,0,0,1,0,1,0.5297986094952745,4.0,0
2432,15,0,0,3,0.25010178698233754,27,0,2,1,0,0,0,0.7146512864203396,4.0,0
2433,16,0,0,1,0.6409339617151005,6,0,2,0,0,0,1,2.737474165505196,2.0,1
2434,18,1,0,1,0.8784449813489432,25,1,2,1,0,0,0,1.2705295622953123,4.0,0
2435,18,1,0,1,0.41855933220255837,25,0,2,0,0,0,0,0.7508880429586313,4.0,0
2437,16,0,2,2,0.9942524402408859,24,0,1,0,1,1,0,1.1622578007219209,4.0,0
2438,15,1,0,2,0.10616110946975205,14,1,2,0,1,0,0,1.8714659014427095,4.0,0
2439,18,1,0,1,0.2332681825907089,19,1,2,0,0,0,0,1.074937388775604,4.0,0
2440,17,1,2,1,0.9514192748685929,20,0,1,1,0,0,0,1.3127724135140753,4.0,0
2441,15,1,2,1,0.9593763455969773,17,0,1,0,1,0,0,1.7028816752194542,4.0,0
2442,16,1,0,2,0.09776669705559615,29,1,4,0,0,0,0,0.5403751565523403,4.0,0
2443,18,0,0,1,0.014962852702556729,27,1,3,0,0,0,0,0.3418223884177119,4.0,0
2444,17,1,0,4,0.16123231152153952,25,0,1,0,0,0,1,0.2697208620534843,4.0,0
2445,17,0,3,2,0.9971047595149096,12,1,3,0,0,0,0,2.504167767054588,2.0,1
2446,15,1,0,1,0.18015362895442627,23,0,1,1,0,0,0,0.5303581886716461,4.0,0
2447,18,0,3,2,0.5030723708467797,29,0,3,0,1,1,0,0.820105530138668,4.0,0
2448,18,1,1,3,0.8493400498853946,1,1,0,0,1,0,0,3.408489770633043,1.0,2
2449,16,1,1,2,0.020372173601917974,18,0,3,1,0,0,0,1.3503298063610123,4.0,0
2450,18,0,0,1,0.6051309225793113,14,1,0,0,1,0,1,2.029736582447598,3.0,1
2451,18,0,0,1,0.27729098725357326,11,0,2,0,0,1,0,1.7745311027993365,4.0,0
2452,15,1,0,3,0.8632732369652554,14,0,3,0,0,1,0,1.9919099489857044,4.0,0
2453,18,1,0,2,0.28373408514376985,24,1,1,0,0,1,0,0.7540357233429884,4.0,0
2454,17,1,1,2,0.6874922218481436,17,0,2,0,0,0,0,1.4913821292254057,4.0,0
2455,15,1,3,3,0.6749417244465777,13,0,0,1,1,0,0,2.1573918332612245,3.0,1
2456,15,1,1,3,0.22169525627435907,5,1,3,1,1,0,1,3.107348400568035,1.0,2
2457,16,0,2,3,0.03478631204603034,11,0,2,1,1,0,0,1.9995718607021808,4.0,0
2458,18,0,0,0,0.4096670967772461,19,0,2,0,0,0,1,1.363340948163794,4.0,0
2459,16,1,0,2,0.2894726764781844,22,1,4,1,0,0,0,1.3068680389383789,4.0,0
2460,17,0,0,2,0.8098547389102766,29,0,2,0,0,0,0,0.5885556231650223,4.0,0
2461,15,0,1,2,0.8012312769209105,29,1,0,0,1,1,0,0.6819561389075344,4.0,0
2462,15,0,3,2,0.45749638929469816,5,1,3,0,0,0,0,2.81858182437894,2.0,1
2463,15,1,1,1,0.6071564912544999,25,0,3,0,0,1,0,0.7446928333756786,4.0,0
2464,17,0,0,2,0.6049011925484872,29,0,4,1,0,0,1,0.7251929462817994,4.0,0
2465,17,1,0,2,0.8280560351268925,8,1,1,1,0,0,0,2.9268204402631444,2.0,1
2466,16,0,1,0,0.4254380441682302,29,0,2,1,1,0,0,0.5522575734248654,4.0,0
2467,16,1,0,2,0.27571040346326514,24,0,3,1,1,0,0,1.298729106820987,4.0,0
2468,16,0,2,1,0.2652866740463554,25,0,3,1,1,0,1,1.1867378284984922,4.0,0
2469,18,1,2,1,0.5367557161708775,3,0,3,0,1,0,1,3.3327885878934707,1.0,2
2470,15,1,1,0,0.449611587078637,16,0,1,0,0,0,0,1.4890670205298442,4.0,0
2471,15,0,0,2,0.4405737787781006,1,1,1,1,0,1,0,3.30737811355316,1.0,2
2472,16,1,0,2,0.09118920896576373,15,1,1,0,0,0,0,1.6109406825598966,4.0,0
2473,15,1,0,2,0.719376849864136,23,0,4,1,1,0,0,2.057378500596372,3.0,1
2474,16,1,0,2,0.21392947929709202,13,0,1,0,0,0,0,1.673711404485327,4.0,0
2475,18,1,0,3,0.1971271302905015,25,0,2,0,0,1,0,0.4906300621749082,4.0,0
2476,18,1,1,1,0.4131798763869516,7,0,2,0,0,0,1,2.2316569717750228,3.0,1
2477,17,1,1,1,0.22798727306795036,13,1,2,1,0,1,0,2.259451153743707,3.0,1
2478,18,1,0,3,0.5844764937179268,1,1,2,0,0,0,0,3.454462459935305,1.0,2
2479,16,1,0,1,0.3718374290570081,15,1,3,1,0,0,0,2.158610170146598,3.0,1
2480,18,0,0,4,0.449374835117856,3,0,2,0,1,0,0,2.747908442514612,2.0,1
2481,17,0,0,3,0.537733881550951,0,0,1,1,0,0,1,3.323902960329112,1.0,2
2482,15,1,2,2,0.20371658809912552,22,0,2,0,0,0,0,0.9097635331410971,4.0,0
2483,16,1,0,4,0.15587776342850254,19,0,3,0,1,0,0,1.1678958000789352,4.0,0
2484,15,0,0,0,0.8813810134292611,26,0,4,0,0,0,0,1.2204179764419896,4.0,0
2485,17,0,0,1,0.4341693575345526,13,1,3,0,0,1,0,2.3345256438757365,3.0,1
2486,17,0,2,2,0.41251440169252024,7,1,3,0,0,0,0,2.8447322620424904,2.0,1
2487,17,1,1,1,0.035600196893828075,24,1,2,1,0,0,0,0.9722477384320642,4.0,0
2488,15,0,0,3,0.4984958122408727,27,1,3,0,0,0,1,0.8563970426697209,4.0,0
2489,15,1,1,0,0.5547538226146761,24,0,4,0,0,0,0,0.9526750330525334,4.0,0
2490,15,1,2,2,0.5594303411963835,2,0,2,0,1,0,0,3.235302580709104,1.0,2
2491,15,0,3,2,0.7077909764407683,4,0,0,0,0,0,0,2.533432395797906,2.0,1
2492,17,1,0,2,0.1776329532785229,5,0,4,0,0,0,0,2.772388536783242,2.0,1
2493,17,1,2,1,0.25246016367137897,21,0,3,0,0,0,0,0.9467679046532856,4.0,0
2494,16,1,3,1,0.8116094691804784,25,1,2,0,1,0,0,1.3154643711031746,4.0,0
2495,16,1,3,3,0.9482064515000944,7,0,4,0,1,1,0,3.31820802902305,1.0,2
2496,15,0,1,1,0.13603610718567868,5,0,2,0,0,1,0,2.3311089198970865,3.0,1
2497,18,0,1,3,0.498168688579134,5,0,2,1,0,0,0,2.905973097807374,2.0,1
2498,18,1,0,2,0.2143695493111076,3,0,3,0,1,1,0,3.344575197988929,1.0,2
2499,17,1,2,2,0.06008933161689529,6,0,1,0,0,0,0,2.1681789248414423,3.0,1
2500,17,0,1,2,0.3258245992686593,29,0,3,0,0,0,1,0.211194222791904,4.0,0
2502,16,0,0,2,0.710696216136758,23,1,1,0,0,0,0,0.8939860125136853,4.0,0
2503,16,1,2,3,0.534286015029137,18,0,2,1,0,1,0,1.8307932453900515,4.0,0
2504,17,1,2,2,0.14394691342023724,6,0,2,0,0,0,0,2.465117413971901,3.0,1
2505,17,0,0,4,0.009199323466427817,2,0,1,1,0,0,0,2.6505223435766907,2.0,1
2506,17,0,2,2,0.8090330949690483,7,1,4,0,0,0,0,3.161961511352394,1.0,2
2507,18,0,1,1,0.17634404462070996,0,0,2,1,0,0,0,2.905702974207415,2.0,1
2508,16,0,2,1,0.606860568394972,0,1,1,1,0,1,0,3.7326847011603697,0.0,2
2509,18,1,0,4,0.3372562992646252,13,1,2,0,1,0,0,2.109686328016939,3.0,1
2510,18,0,0,1,0.5861060356463084,5,1,3,0,0,0,0,2.546634577748015,2.0,1
2511,17,1,3,3,0.3159635664051007,9,0,2,0,0,0,1,2.1156039687255843,3.0,1
2512,17,0,0,3,0.08698660544502705,24,0,1,1,0,0,0,0.4837893904323065,4.0,0
2514,15,1,0,0,0.18822184215760063,13,0,2,0,0,0,0,1.811155480929165,4.0,0
2515,18,0,1,2,0.4284584502950127,3,0,2,0,0,0,1,2.6741625507699083,2.0,1
2516,16,0,0,1,0.6589875580133938,5,1,3,0,0,1,0,3.102745561433283,1.0,2
2517,17,0,1,2,0.2640564183621894,15,1,4,1,0,0,0,2.432896398351312,3.0,1
2518,17,0,0,2,0.012030921396046706,27,0,1,1,1,1,0,0.591872335776283,4.0,0
2519,18,1,0,2,0.5194809675451915,20,0,3,0,1,1,1,1.4197989848171118,4.0,0
2520,15,1,0,2,0.6064028900602472,27,1,4,0,1,1,0,1.3649825214589588,4.0,0
2521,16,0,0,1,0.9639243748333327,0,0,4,0,0,0,0,3.524855822624972,0.0,2
2522,15,0,3,2,0.5900954808149077,5,0,4,1,0,1,0,3.0562181766199736,1.0,2
2523,15,0,3,1,0.47166125955260607,8,0,3,1,1,0,0,2.5706824923097638,2.0,1
2524,15,1,0,1,0.5740078329537665,14,1,2,0,0,0,1,2.134832886078039,3.0,1
2525,15,1,2,2,0.9289143146923062,11,0,2,0,1,0,1,2.3019321078440558,3.0,1
2526,17,1,0,3,0.8292774346228614,2,1,2,1,0,0,0,3.354368116289429,1.0,2
2527,17,1,1,1,0.3232970926072635,10,0,3,0,0,1,0,2.252575524405779,3.0,1
2528,15,0,2,2,0.23747418729125808,14,0,2,0,0,0,0,2.059778342061027,3.0,1
2529,16,0,3,2,0.26288260809845015,2,0,1,0,0,0,0,2.705024407226965,2.0,1
2530,18,0,0,1,0.5049479572516792,13,0,1,0,0,0,0,1.8208437343058652,4.0,0
2531,16,1,2,1,0.7448518088951165,1,0,3,0,0,1,0,3.2609504905530398,1.0,2
2532,16,0,0,3,0.5037447432767732,28,0,3,1,0,0,0,0.741527556169066,4.0,0
2533,16,1,3,2,0.06782143652975114,3,1,2,0,0,1,1,2.943750197817776,2.0,1
2534,15,1,0,2,0.7243595303647796,25,0,1,0,0,0,0,0.4474828563605549,4.0,0
2535,17,0,1,2,0.8068436608670116,18,1,3,0,0,0,0,1.844059263528674,4.0,0
2536,16,0,1,0,0.28977773988361855,11,1,0,1,0,0,0,1.899197563198893,4.0,0
2537,15,0,1,2,0.6648362288885225,1,1,2,0,0,0,0,3.3788457271666,1.0,2
2538,16,1,0,2,0.42702935813022064,16,1,2,0,0,0,1,1.666640097790168,4.0,0
2539,16,1,3,2,0.8900884635431495,2,0,4,0,0,0,0,3.309453585183811,1.0,2
2540,15,0,0,1,0.8461442123877639,9,0,2,1,1,0,0,2.7618237513851387,2.0,1
2541,17,0,1,0,0.5259830668269192,15,1,2,0,0,0,1,2.042537978504808,3.0,1
2542,17,1,0,1,0.6922475070519691,21,1,3,0,1,0,0,1.4874769372990635,4.0,0
2543,18,0,0,4,0.8843121769262086,8,1,2,0,1,0,1,2.8739722821184617,2.0,1
2544,15,1,1,2,0.4962339227950285,10,0,1,0,0,0,0,2.0159494650624468,3.0,1
2545,18,1,0,2,0.3135579179212146,20,0,2,1,0,0,0,1.07029676373108,4.0,0
2546,18,0,0,0,0.7544795494466253,14,0,4,1,0,0,0,2.605399264020907,2.0,1
2547,18,0,0,0,0.2202663216006889,2,1,2,0,0,1,1,3.3633891187265865,1.0,2
2548,17,0,0,2,0.38892485626801165,15,0,3,0,1,0,0,2.12509059499954,3.0,1
2549,15,0,2,2,0.8666694569247255,29,0,4,0,1,0,0,1.0506689803906937,4.0,0
2550,18,1,2,2,0.7252021376143899,20,0,3,0,0,0,1,1.580050523836055,4.0,0
2551,15,1,0,1,0.40422227689370827,20,0,3,1,0,0,0,1.3970629516250068,4.0,0
2552,15,1,0,2,0.21493845215268725,20,0,3,0,1,0,0,1.1657871621526066,4.0,0
2553,17,0,0,1,0.3563246699345551,27,1,4,0,1,0,0,0.9620724862919864,4.0,0
2554,18,1,0,1,0.2843778242014256,11,1,4,1,0,0,0,2.310235179366311,3.0,1
2555,18,0,1,2,0.17623880557250585,22,0,4,0,0,0,0,0.9357793408847956,4.0,0
2556,15,0,1,1,0.7441344476102139,4,0,3,0,0,0,1,2.9380028297730134,2.0,1
2557,16,0,0,1,0.2523067401412083,6,1,2,1,0,0,1,2.7671513375162338,2.0,1
2558,17,0,0,2,0.45463662389548404,8,0,1,1,1,0,0,3.026983310961493,1.0,2
2559,17,0,0,2,0.3862500841195035,20,1,2,1,1,0,0,1.5364194793970165,4.0,0
2560,17,0,2,3,0.9831533367607785,17,0,4,1,1,1,0,2.495379496847872,3.0,1
2561,17,1,3,2,0.39148889625416117,20,0,3,0,0,0,0,1.6155716602528696,4.0,0
2562,18,0,0,0,0.0800215307580439,7,0,2,0,1,0,0,2.2103713279948844,3.0,1
2563,18,1,0,1,0.08987611484910946,11,1,2,0,0,0,1,1.7980154436118352,4.0,0
2564,16,1,2,4,0.5913798737211173,19,0,2,1,0,1,0,1.5662885180613493,4.0,0
2565,17,0,3,2,0.5999996006489953,1,0,2,0,0,0,0,2.921386757069629,2.0,1
2566,17,0,0,2,0.41918744404386094,9,0,3,0,0,0,0,2.519724822511747,2.0,1
2567,15,0,0,0,0.4322871860429346,18,0,2,1,0,0,0,1.4892073187626624,4.0,0
2568,18,1,0,2,0.053941687825920966,8,0,1,0,0,0,0,1.6636371244012207,4.0,0
2569,17,0,1,0,0.5170873655101682,24,0,2,0,0,0,0,0.7737842057946157,4.0,0
2570,16,1,0,2,0.5052667589416998,23,0,1,0,1,0,0,0.8916240459711724,4.0,0
2571,16,0,0,3,0.1496683299005784,7,0,4,0,0,0,0,2.215087048853621,3.0,1
2572,18,0,1,4,0.10390585631530751,23,0,2,0,0,0,0,0.6515150205017294,4.0,0
2573,16,1,0,2,0.12366164295926564,23,0,4,0,0,0,0,0.9740174167472984,4.0,0
2574,16,1,2,2,0.10109148543997219,23,0,1,0,1,0,0,0.3413935419913523,4.0,0
2575,18,0,0,3,0.6103561350660326,0,0,1,0,0,0,0,2.773483878750202,2.0,1
2576,17,1,0,2,0.19665561112072916,5,0,3,0,0,0,0,2.4978773036357613,3.0,1
2577,17,1,1,0,0.2516662701374879,11,0,3,0,1,0,1,2.0764437464311585,3.0,1
2578,16,1,0,2,0.1737187684570119,24,0,2,0,0,1,0,0.7734276360335333,4.0,0
2579,16,1,3,1,0.9588833975971018,23,0,1,0,0,1,0,0.9881530769380218,4.0,0
2580,17,1,1,2,0.8555469128747527,18,0,0,0,1,0,0,1.3775728397779787,4.0,0
2581,18,0,0,2,0.2307068912692166,26,0,3,1,0,0,0,0.4765977404918081,4.0,0
2582,16,0,2,2,0.327889926322754,16,0,1,1,1,0,0,1.8362421367971535,4.0,0
2583,15,1,0,1,0.2100812153237564,1,1,2,0,0,0,0,2.9240321151586275,2.0,1
2584,18,0,3,1,0.49238845709392703,10,1,3,0,0,0,1,2.2887682028383933,3.0,1
2585,16,0,0,2,0.01958018608558004,17,0,0,0,0,0,0,0.8221078891229036,4.0,0
2586,16,1,1,3,0.672086823106182,22,0,1,1,1,0,0,1.46754910281344,4.0,0
2587,15,0,0,2,0.5237066046668629,27,1,0,1,0,0,0,0.654489820899693,4.0,0
2588,15,1,0,1,0.8996189783598075,21,1,4,0,0,1,0,1.8262650784023136,4.0,0
2589,17,1,2,3,0.16452875733252886,10,0,2,1,0,1,0,2.167614891739184,3.0,1
2590,18,0,2,3,0.8049806392714789,17,0,4,1,0,0,0,1.8125810860736853,4.0,0
2591,18,1,0,1,0.7928184439301541,7,0,1,0,1,0,0,3.0101355275332478,1.0,2
2592,17,1,0,0,0.12727448958403018,14,0,3,0,1,0,0,2.1366532091173225,3.0,1
2593,18,1,2,2,0.3989644591469307,8,0,1,0,0,1,0,2.2968145205845465,3.0,1
2594,18,1,3,3,0.1702953349130252,14,0,2,0,0,0,0,1.4996666752012844,4.0,0
2595,18,1,0,4,0.25496040048812785,6,1,3,0,0,0,0,2.527606693940515,2.0,1
2596,18,0,0,3,0.2634958746709347,19,0,3,1,0,0,0,1.378777261955536,4.0,0
2597,18,0,0,2,0.5568228705596087,12,0,3,0,1,0,0,2.4619770683944515,3.0,1
2598,15,1,2,2,0.41183093911849616,12,0,3,0,0,0,1,2.142708088226998,3.0,1
2599,18,1,0,0,0.9487692848672864,0,0,1,1,0,1,0,3.4785197150728098,1.0,2
2600,15,0,0,1,0.12646251005839412,19,0,2,0,0,0,0,1.1359698905964322,4.0,0
2601,18,1,2,2,0.9747584545830358,3,0,2,0,0,0,0,3.315632432715557,1.0,2
2602,17,0,0,2,0.23085085942571165,23,0,3,0,0,1,0,0.9452990404344148,4.0,0
2603,16,1,0,2,0.7737094262629306,3,0,1,0,1,1,0,3.360097709606442,1.0,2
2604,15,1,0,2,0.33930666644296537,3,1,4,0,0,0,0,3.58344760514376,0.0,2
2605,18,1,0,1,0.14319297222687216,12,0,2,1,0,0,1,2.268905391743987,3.0,1
2606,17,1,0,2,0.8588223956399123,1,0,3,0,0,1,1,3.3946498667267635,1.0,2
2607,16,1,1,0,0.3091630307795229,27,0,1,0,1,0,0,0.4239919484053893,4.0,0
2608,15,1,0,2,0.6595598358618249,25,0,2,0,0,0,0,0.8359897662567951,4.0,0
2609,16,1,1,2,0.5670418943593298,22,0,3,1,0,0,0,1.2860837347449834,4.0,0
2610,17,0,2,2,0.4722456805549696,14,0,2,1,0,0,0,2.131780853915055,3.0,1
2611,15,0,2,4,0.4963365031405737,3,0,4,1,0,0,0,3.308664019789773,1.0,2
2612,16,0,0,1,0.733026695024312,26,0,3,0,1,0,0,0.9587762981739752,4.0,0
2613,18,1,0,2,0.08782091677171522,5,1,2,1,0,0,0,2.539771016481107,2.0,1
2614,15,1,0,1,0.6688958124812958,2,0,3,1,0,0,0,3.012897486759207,1.0,2
2615,16,1,0,2,0.8967889021699185,6,0,3,1,0,1,0,3.167455277075199,1.0,2
2616,17,1,0,3,0.05780173382860401,5,0,3,0,0,0,1,1.9045159017519453,4.0,0
2617,17,1,1,2,0.14076212512161926,2,1,1,0,0,0,0,3.033291953501386,1.0,2
2618,15,1,0,3,0.7174027793920288,3,0,2,0,1,1,0,3.4577117259752934,1.0,2
2619,16,1,0,1,0.437731392617005,9,0,3,0,0,0,0,2.4503354431504625,3.0,1
2620,15,0,0,3,0.40395959086292843,29,1,3,1,1,0,0,1.164702428020536,4.0,0
2621,15,1,1,0,0.1370711827609841,20,0,2,0,0,0,0,0.8270829163865822,4.0,0
2622,16,0,0,3,0.5072996583061288,8,0,1,0,1,0,0,2.3983144793001743,3.0,1
2624,18,1,0,1,0.47711541855313844,5,1,0,0,0,0,0,2.7577979305655766,2.0,1
2625,16,1,2,2,0.7644401465308348,28,1,3,0,0,0,0,0.3478369759058787,4.0,0
2626,17,0,2,3,0.2585083313936095,19,1,3,0,0,0,0,1.676727436835331,4.0,0
2627,15,0,0,0,0.481285918686838,26,1,2,1,0,0,0,0.5742779997538898,4.0,0
2628,15,1,0,1,0.9931033514041299,10,1,3,0,1,1,1,3.103994380105366,1.0,2
2629,17,1,0,3,0.6873868038870468,6,0,2,1,1,0,0,2.8020738343659453,2.0,1
2630,16,0,0,1,0.8422709785672406,17,1,3,0,0,1,0,2.1275892967469687,3.0,1
2631,17,1,1,1,0.41527156419370437,3,0,1,1,0,0,0,2.688349836315715,2.0,1
2632,17,1,2,2,0.7686906508144844,4,0,2,0,0,0,0,2.7837652099236254,2.0,1
2633,18,1,1,1,0.04050284842973803,3,0,3,0,1,1,0,3.133768038538137,1.0,2
2634,17,0,2,3,0.12299957476353676,3,0,1,0,0,1,0,2.618699894953416,2.0,1
2635,15,0,0,2,0.20325112412554847,26,1,2,0,0,0,0,0.7716774917459892,4.0,0
2636,17,0,0,2,0.4023610593469953,12,0,2,0,1,1,0,2.2748420474669957,3.0,1
2637,15,1,2,4,0.846664129483731,15,0,1,1,0,0,0,1.53961940600191,4.0,0
2638,15,1,0,2,0.3466111775657524,24,0,1,0,1,0,1,1.128068364082897,4.0,0
2639,15,0,1,0,0.6553207581501523,13,1,1,0,0,0,0,1.5956273665141478,4.0,0
2640,16,0,0,1,0.7100767262528285,10,0,4,1,1,1,0,3.138498873000767,1.0,2
2641,18,0,0,2,0.5868032519125522,28,0,3,0,0,1,1,0.7988865726422566,4.0,0
2642,15,1,3,1,0.3575997111819528,1,0,2,0,0,0,0,2.9728834414945147,2.0,1
2643,15,0,0,3,0.5776637462229597,21,0,3,1,1,0,1,1.556218796080208,4.0,0
2644,16,0,3,2,0.3426061212536019,13,0,0,0,0,1,0,1.8526717410372364,4.0,0
2645,15,1,3,1,0.08391725930508996,23,0,2,1,0,0,0,0.9749683449255788,4.0,0
2646,17,1,2,2,0.993892265967553,23,1,1,1,0,0,0,1.391431871322012,4.0,0
2647,17,1,1,2,0.12727575545303277,26,0,1,1,0,0,0,0.2364972221748906,4.0,0
2648,18,0,1,3,0.07237865680611132,6,0,3,1,1,0,0,2.629933233823926,2.0,1
2649,15,1,2,3,0.87948768598213,25,0,1,0,0,0,1,0.5296032590122841,4.0,0
2650,16,1,0,2,0.30212871614820974,10,0,3,0,1,0,1,2.3191191467631675,3.0,1
2651,17,0,0,2,0.6509915682476493,3,0,2,1,0,0,0,2.759021764954944,2.0,1
2652,16,1,1,2,0.3293310166177819,6,0,0,0,0,0,0,2.09606565162715,3.0,1
2653,16,0,0,2,0.39185133903081104,28,0,3,0,1,0,0,0.745518983001618,4.0,0
2654,17,0,0,1,0.26236136930074777,15,1,2,1,0,0,0,1.7946671055341392,4.0,0
2655,16,1,0,1,0.3433854290012641,25,0,2,0,1,0,0,0.7012637128402552,4.0,0
2656,17,1,1,2,0.4111195912267325,5,0,1,0,0,0,0,2.45790140704778,3.0,1
2657,16,1,2,1,0.7211912614415112,26,0,0,0,0,0,0,0.4291372796949342,4.0,0
2658,17,1,0,0,0.5120712902634241,5,0,4,0,0,1,0,3.0168978681026624,1.0,2
2659,15,1,3,2,0.9445969075982552,1,0,2,0,0,0,0,3.618272712167226,0.0,2
2660,18,1,1,0,0.04187564547277464,23,0,0,1,0,0,0,0.4258137609932144,4.0,0
2661,17,0,2,2,0.503593685292063,7,1,3,1,0,0,0,2.735960967147571,2.0,1
2662,17,0,1,2,0.5848434365386516,29,0,1,1,0,0,1,0.2234305089365645,4.0,0
2663,18,1,2,4,0.9212018159752334,26,0,1,0,0,1,0,1.0117467565808471,4.0,0
2664,17,0,0,2,0.049162141079000625,6,1,1,0,0,0,0,2.573440474302304,2.0,1
2665,17,1,2,0,0.5741059045899888,26,0,2,0,0,0,1,0.2001455273690356,4.0,0
2666,16,0,0,2,0.8545582431322816,24,1,0,0,0,0,0,0.8026478062416247,4.0,0
2667,18,0,2,3,0.24215292353755935,23,0,2,0,0,0,1,0.539645751276114,4.0,0
2668,15,0,3,4,0.8772467123762291,13,0,3,0,0,1,0,2.481595433779514,3.0,1
2669,17,1,0,2,0.019012411007625258,8,0,1,0,0,0,1,1.6338115616970532,4.0,0
2670,18,0,0,1,0.7332436591681825,14,1,2,0,0,0,0,2.401469995162927,3.0,1
2671,16,1,2,3,0.9341328975957484,24,1,2,1,0,1,0,1.2658914451513914,4.0,0
2672,15,0,0,1,0.657900187788,21,0,2,0,1,0,0,1.2662863438742906,4.0,0
2673,18,0,2,2,0.4394809971213022,17,0,4,1,0,0,0,1.6224646303185568,4.0,0
2674,15,0,0,2,0.044879717163043044,11,0,2,0,0,0,0,1.8582963066751943,4.0,0
2675,15,0,0,0,0.9211185476209282,22,0,0,0,1,0,0,0.6404398092314469,4.0,0
2676,15,0,3,1,0.47078391556356847,18,0,2,0,0,1,0,1.3978971899557189,4.0,0
2677,17,1,1,1,0.02897718689921778,12,0,1,0,0,0,0,1.4291805817178274,4.0,0
2678,17,1,2,2,0.6905610963531947,6,0,3,0,1,1,0,2.9346921024221517,2.0,1
2679,16,0,0,3,0.482338212250199,24,0,0,0,0,0,0,0.632826221112053,4.0,0
2680,16,0,1,1,0.12443535812558958,9,0,1,1,1,0,1,2.5653473181422046,2.0,1
2681,18,0,1,3,0.21446521571898247,29,1,2,0,1,0,0,0.3979893966925436,4.0,0
2682,16,0,1,0,0.06451192141326265,9,1,1,0,0,0,0,2.0645643026074056,3.0,1
2683,15,1,1,2,0.5749007719721838,1,0,2,0,1,0,0,3.121119482369849,1.0,2
2684,15,0,1,0,0.6226915814424112,13,1,1,0,1,0,0,1.920609662813219,4.0,0
2685,17,1,0,3,0.5062707346085328,12,0,4,1,0,1,0,2.3299096451911727,3.0,1
2686,15,0,0,2,0.8179884608463246,21,1,1,0,1,0,0,1.2720101075733885,4.0,0
2687,18,1,2,2,0.8619456175576251,28,0,4,0,0,0,0,1.06642462275961,4.0,0
2688,15,0,0,3,0.616279136571351,5,0,2,0,0,1,0,2.905384065736881,2.0,1
2689,15,0,1,2,0.012718254949185978,8,1,3,1,0,1,1,2.567031802833057,2.0,1
2690,18,1,0,4,0.6959758976526563,12,0,1,0,0,0,1,1.6943843846574218,4.0,0
2691,16,0,1,2,0.41842679716220654,8,1,3,1,0,1,0,2.801388938876275,2.0,1
2692,16,0,2,3,0.5661546738571266,12,1,2,0,0,0,1,1.813628891214413,4.0,0
2693,18,0,0,2,0.6497737980379624,4,1,2,1,0,0,0,3.3432781941994127,1.0,2
2694,17,1,0,1,0.35058630505677224,13,0,3,1,0,1,0,2.184691612286099,3.0,1
2695,15,0,0,2,0.9180997735335463,4,0,2,1,0,0,0,3.4922119973943024,1.0,2
2696,18,0,1,1,0.13407597608837118,8,0,2,0,0,1,0,1.8136795536240535,4.0,0
2697,15,1,2,2,0.6722307867790279,7,1,0,0,0,1,1,2.7725493723030685,2.0,1
2698,17,1,0,2,0.004311703408112099,6,0,1,0,1,0,0,2.4400060965135784,3.0,1
2699,15,1,2,2,0.9256610550797102,7,0,2,0,0,0,0,2.8684641563014504,2.0,1
2700,18,0,0,0,0.1125805631090263,21,0,0,0,0,0,0,0.5166315139842032,4.0,0
2701,15,0,0,1,0.09494040687586885,2,0,1,1,0,0,0,2.8914784699994827,2.0,1
2702,16,0,3,2,0.33333751998316064,22,0,1,0,0,0,0,0.7109569819873364,4.0,0
2703,17,1,0,4,0.3739427929871465,23,0,1,0,0,0,0,0.4244328946229094,4.0,0
2704,17,0,0,1,0.21449351121843313,14,1,2,1,1,1,0,2.248337588471201,3.0,1
2705,17,0,0,2,0.5857413395408902,7,0,2,0,1,1,0,2.7154909355151484,2.0,1
2707,17,1,0,2,0.03416198441124765,6,0,2,1,0,0,0,2.676389709344022,2.0,1
2708,16,1,0,1,0.31996659766702834,18,0,4,1,0,0,0,1.8547004421395887,4.0,0
2709,18,1,1,2,0.8113115755034122,1,0,3,1,0,0,0,3.5485205508668662,0.0,2
2710,16,1,0,1,0.6904414224854825,13,0,4,0,0,1,1,1.9523336493468064,4.0,0
2711,15,0,1,4,0.7256511664671811,17,0,3,0,0,0,0,1.84964338845104,4.0,0
2712,15,1,0,1,0.6988664847500258,29,1,3,0,0,0,0,0.8752010880422385,4.0,0
2713,15,0,0,1,0.3112775806983054,14,0,2,0,0,1,0,1.7935557295101183,4.0,0
2714,15,0,1,0,0.09972559280704746,13,0,1,0,1,1,0,1.8556669117535305,4.0,0
2715,16,1,3,1,0.27272748293374854,23,0,1,1,0,0,0,0.5511396527389846,4.0,0
2716,18,1,0,2,0.8326885055495814,24,1,4,0,1,0,0,1.580398635704129,4.0,0
2717,18,1,2,1,0.9815449092288698,18,0,4,0,0,1,1,1.8741577780119305,4.0,0
2718,17,0,1,0,0.4943617779980082,29,0,3,1,0,0,1,0.5152393995715008,4.0,0
2719,16,1,1,2,0.009658617311698084,18,0,3,0,0,0,0,1.331229485851261,4.0,0
2720,15,1,1,0,0.14015289855260546,21,1,4,0,1,0,1,1.621772736089614,4.0,0
2721,16,1,0,0,0.3223979021747555,26,0,2,0,1,0,1,0.384375395876116,4.0,0
2722,17,1,0,3,0.5791975140628934,25,0,3,1,0,0,0,1.3635615499322744,4.0,0
2723,17,1,1,2,0.07512707430817442,16,0,2,1,0,0,0,1.479668777301296,4.0,0
2724,16,0,0,3,0.9443887501599497,21,1,2,1,0,0,0,1.5812038761627714,4.0,0
2726,16,0,0,2,0.913580297353182,18,1,2,1,0,0,0,1.886578592822845,4.0,0
2727,18,1,0,0,0.7813660834542461,26,0,3,0,0,0,0,0.863545351686935,4.0,0
2728,15,1,2,2,0.7562527198777729,15,0,2,0,0,0,0,1.4887052948653967,4.0,0
2729,16,1,0,3,0.607364084056449,19,0,3,0,0,0,1,1.4729004934270762,4.0,0
2730,16,0,1,2,0.6274513841009991,24,1,2,0,0,1,0,1.3440857175872982,4.0,0
2731,16,1,1,2,0.6386836983906118,18,0,1,0,0,0,0,1.364736910668082,4.0,0
2733,17,1,2,3,0.5543118249324895,18,0,3,0,0,0,0,1.597365745031795,4.0,0
2734,18,0,1,2,0.9874949613451806,6,1,1,0,1,1,0,3.320316974439931,1.0,2
2735,15,1,1,4,0.7330794088799303,28,0,2,0,0,0,0,0.6487053948776081,4.0,0
2736,18,0,3,1,0.777786559340858,22,0,2,0,0,0,0,1.0182646498699195,4.0,0
2737,15,1,0,1,0.8734127770906993,10,0,4,0,0,0,1,2.440769899927139,3.0,1
2738,17,0,0,1,0.2158347415243581,4,0,3,1,1,0,0,3.1525193708574304,1.0,2
2739,17,0,0,2,0.08384759987024892,29,0,1,1,0,0,0,0.2170420107058955,4.0,0
2740,17,0,0,1,0.4833966104482665,16,0,2,1,1,0,0,1.8116223809515477,4.0,0
2741,18,1,1,0,0.5146187164170841,10,0,3,1,0,0,0,2.777966932491008,2.0,1
2742,16,1,1,4,0.8300819927061275,23,0,3,0,0,0,1,1.223828264622006,4.0,0
2743,16,0,1,0,0.4442407972790711,25,0,3,1,0,0,0,1.101939932271634,4.0,0
2744,17,0,0,3,0.5714563031196499,7,0,1,0,0,0,0,2.060172050067505,3.0,1
2745,16,1,2,1,0.5276238909054398,9,0,3,0,0,0,0,2.5244226584154354,2.0,1
2746,16,1,0,3,0.03819380817395476,11,0,3,0,0,0,0,1.9665140417865183,4.0,0
2747,18,0,1,2,0.6158691657865417,9,0,3,0,0,0,0,2.8415190017676264,2.0,1
2748,15,1,1,3,0.8289421898918833,12,0,2,0,0,0,0,2.200020267296471,3.0,1
2749,17,1,0,3,0.1576286989354036,25,1,3,0,0,0,0,0.9252693613945324,4.0,0
2750,17,1,0,0,0.594961999030039,17,1,3,0,0,1,0,1.8425841347566336,4.0,0
2751,18,1,0,0,0.5942399805808594,9,0,3,1,0,0,0,2.6696408286087285,2.0,1
2752,18,0,2,1,0.16432079829705476,18,0,2,0,0,0,0,1.3276664298868446,4.0,0
2753,16,1,3,2,0.12355260089635617,19,0,1,0,0,0,1,0.7547506714781123,4.0,0
2754,17,1,1,3,0.9811255729709325,16,0,2,1,0,0,1,1.845656783786327,4.0,0
2755,15,0,0,2,0.39411884127030483,19,0,2,0,0,0,0,1.537989779203268,4.0,0
2756,18,0,0,2,0.22763025026609937,15,0,2,1,0,0,0,1.58092662695241,4.0,0
2757,15,1,2,1,0.1714685852634869,4,0,2,1,0,0,0,2.883799714630056,2.0,1
2758,15,1,2,3,0.6683161986362225,2,0,2,0,0,1,0,3.054990810980984,1.0,2
2759,17,1,0,4,0.6100929346690249,29,0,3,0,0,0,0,0.3280857038991219,4.0,0
2760,17,1,0,1,0.6442389643135193,26,0,1,0,1,0,0,0.6115693055183088,4.0,0
2761,18,0,2,2,0.08805429811118354,14,0,2,0,0,0,0,1.5674124377048069,4.0,0
2762,17,0,0,0,0.8945087663839313,25,0,3,0,0,0,0,1.2197472447014093,4.0,0
2763,17,0,0,2,0.3896609502004609,1,0,2,0,1,0,1,3.0213988805197203,1.0,2
2764,17,1,0,2,0.31367672026294696,12,1,2,0,0,0,1,2.262147696008476,3.0,1
2765,15,1,1,1,0.4628400195168522,21,1,2,0,1,0,0,1.4550854526151875,4.0,0
2766,18,1,2,2,0.39046153831600766,7,0,2,0,0,1,0,2.448840530622927,3.0,1
2767,16,1,3,1,0.8645167513773515,22,0,1,1,0,0,0,1.2800415789704742,4.0,0
2768,15,0,1,2,0.9302762236728738,26,0,2,0,0,0,0,1.0433801278881183,4.0,0
2769,17,0,1,2,0.30374913214855626,29,0,4,1,1,1,1,1.035181530409912,4.0,0
2770,15,1,0,0,0.8648759681246676,16,0,2,0,0,0,1,1.5730510214028783,4.0,0
2771,17,0,1,2,0.7823685612022304,3,0,0,1,0,0,0,2.898151345753362,2.0,1
2772,17,1,0,2,0.9318246986659541,18,0,3,0,0,0,0,1.8209201086118587,4.0,0
2773,15,1,1,1,0.24597990146154117,21,0,2,0,0,0,0,0.7287945170807484,4.0,0
2774,18,0,0,0,0.5775694463621622,24,1,1,0,0,0,0,0.9023572553597988,4.0,0
2775,17,1,0,2,0.2748072715028596,8,1,3,0,0,0,1,2.421061773387504,3.0,1
2776,18,1,0,4,0.824988855671578,22,0,1,0,0,1,0,1.2212994205081906,4.0,0
2777,16,0,0,1,0.005277422791257561,14,0,4,0,0,0,0,1.9961073864422316,4.0,0
2778,17,1,0,1,0.5654155048571241,27,0,2,0,1,0,0,0.622706295394981,4.0,0
2779,18,1,0,1,0.3395404399437697,8,1,3,0,0,1,0,2.902602512683793,2.0,1
2780,18,0,3,2,0.32300172720423176,23,1,2,0,1,0,0,1.3486070016063347,4.0,0
2781,16,1,0,1,0.645594721772993,20,1,1,0,0,1,0,1.35114105198072,4.0,0
2782,18,0,1,1,0.8524102978039291,8,0,3,0,0,0,0,2.7455540828498277,2.0,1
2783,18,1,2,2,0.6098427414814761,13,1,4,1,0,1,0,2.993214464144568,2.0,1
2784,16,0,3,2,0.8541007680114315,22,0,3,0,0,0,0,1.5892697074168551,4.0,0
2785,17,0,1,1,0.26484836455179867,20,1,3,1,0,1,0,1.653099762097065,4.0,0
2786,18,0,2,2,0.5200461068972603,15,1,4,0,1,0,1,2.136285525349759,3.0,1
2787,18,1,0,2,0.45100151923236953,23,0,1,0,0,0,0,0.7370487522929228,4.0,0
2788,18,0,0,0,0.011605397042453445,22,0,0,0,0,0,0,0.3527519592274268,4.0,0
2789,15,0,0,0,0.5573992814676002,24,1,0,0,0,0,0,0.6901567908276482,4.0,0
2790,16,0,1,3,0.6622318235628329,25,0,3,1,0,0,0,0.9430459197705604,4.0,0
2791,15,0,1,0,0.5925418909306519,16,0,3,0,0,0,0,1.8819787410279116,4.0,0
2792,16,0,0,2,0.7370733257621398,12,0,3,1,1,0,0,2.474039536809681,3.0,1
2793,17,1,0,3,0.5719433652376649,8,0,4,0,0,0,1,2.5077426742068285,2.0,1
2794,17,1,1,1,0.06677409306891258,14,0,3,0,0,0,0,1.563591912280606,4.0,0
2795,18,1,0,1,0.11652648437505936,6,0,2,0,0,0,0,2.4556437547462835,3.0,1
2796,16,1,1,2,0.5971073057323069,0,0,1,0,0,0,0,2.7366048752761047,2.0,1
2797,17,1,1,3,0.2752423782939835,0,0,4,0,1,0,0,3.2620199899463747,1.0,2
2798,16,1,2,3,0.07968378922582564,4,0,1,0,0,1,1,2.28387095613807,3.0,1
2799,17,1,2,2,0.4300436613277714,23,0,2,0,0,0,0,1.1544100089135072,4.0,0
2800,15,0,2,0,0.5549068748107159,8,0,2,1,1,0,0,2.7890998282690926,2.0,1
2801,17,1,0,2,0.32907097674631414,11,0,1,0,0,0,0,1.5386892509239083,4.0,0
2802,15,0,2,2,0.7212089148432967,5,0,3,1,0,0,0,3.0560700900603366,1.0,2
2803,17,0,1,2,0.6444577005643791,27,1,1,0,0,0,0,0.7408967018564105,4.0,0
2804,18,1,0,0,0.33314803046452374,12,0,4,0,0,0,0,2.499681179530751,3.0,1
2805,15,0,0,1,0.7556873271279749,25,1,2,1,0,0,0,0.8952499802854423,4.0,0
2806,17,0,0,2,0.6493877953719652,27,0,3,1,0,1,0,0.7742848136453381,4.0,0
2807,18,0,0,2,0.6381252006658538,7,1,3,0,1,0,0,3.01480253360998,1.0,2
2808,15,0,1,1,0.5540109488772227,14,0,3,0,0,0,0,1.821442173929074,4.0,0
2809,18,1,2,1,0.011349872252956795,5,0,4,0,0,0,0,2.543009095435074,2.0,1
2810,16,1,0,3,0.6972548938320728,26,0,1,1,0,0,0,0.645454380244234,4.0,0
2811,16,1,0,2,0.3764211435188026,5,0,0,0,0,0,0,2.631367841368872,2.0,1
2812,15,1,3,1,0.9436403022953956,3,0,0,1,0,0,0,2.7124204664131986,2.0,1
2813,17,1,0,1,0.8188721134664962,10,0,3,0,1,0,0,2.672755461068081,2.0,1
2814,15,1,0,1,0.5883171054519017,20,0,4,0,0,1,0,1.7148117851610198,4.0,0
2815,18,1,1,3,0.2524189639575187,29,1,2,1,0,0,0,0.2109791787447653,4.0,0
2816,17,1,1,2,0.2038986679458062,17,0,3,1,0,0,0,1.859071573097468,4.0,0
2817,16,1,0,2,0.34072320431330827,2,0,0,0,1,0,0,2.672866707350141,2.0,1
2818,17,1,0,2,0.47706284546202227,2,0,1,1,0,0,0,2.7192011567406125,2.0,1
2819,16,0,0,1,0.29635293396181,29,0,3,1,0,0,0,0.7369928855488138,4.0,0
2820,17,1,1,3,0.5154684918405452,11,1,0,1,0,0,0,2.295213477500577,3.0,1
2821,17,0,1,2,0.16550762237885533,26,1,2,1,1,0,0,0.84069094147179,4.0,0
2822,17,0,0,1,0.9787837541140931,20,1,3,0,1,0,0,2.131628504443662,3.0,1
2823,18,0,1,1,0.10799572085396904,29,1,3,1,1,1,1,0.9922965742511932,4.0,0
2824,18,0,2,2,0.9329624722843678,20,0,2,1,1,0,0,1.451872243083537,4.0,0
2825,15,1,0,3,0.9145752331438666,5,0,3,0,0,1,1,2.860396826235563,2.0,1
2826,15,0,0,1,0.5259114681323686,20,0,2,0,0,0,0,1.1825650544782942,4.0,0
2827,16,1,1,3,0.7256906300325766,27,1,0,0,0,0,0,0.1306542378736745,4.0,0
2828,18,1,0,2,0.43649662467435263,5,1,3,1,0,0,0,3.3627162150851144,1.0,2
2829,16,0,0,1,0.6307058811680976,7,0,1,1,0,0,1,2.251847104187132,3.0,1
2830,15,1,1,0,0.34091452371588193,14,0,0,0,1,0,0,1.6884763841942343,4.0,0
2831,16,0,2,1,0.3014522984271968,17,1,2,0,0,0,1,1.8154017176022967,4.0,0
2832,15,0,2,2,0.5788415429393391,19,0,3,0,0,0,0,1.4948695594196215,4.0,0
2834,17,1,2,1,0.5801496277675372,15,0,0,0,0,0,1,1.5717864335294334,4.0,0
2835,18,0,0,2,0.28693719474387147,5,0,1,0,0,0,1,2.2346855491679,3.0,1
2836,16,1,1,2,0.3673267426979712,27,0,2,1,0,0,0,0.5086565007104289,4.0,0
2837,16,1,0,1,0.0839415092239779,20,0,2,0,0,0,0,0.7016799102374711,4.0,0
2838,18,1,0,2,0.052283573531184,16,0,1,1,1,0,0,1.817789572439356,4.0,0
2839,18,0,2,2,0.25369557752598815,8,0,3,0,0,0,0,2.3375584621180696,3.0,1
2840,15,0,1,2,0.07427931449733441,18,1,3,1,1,0,0,1.763324115898465,4.0,0
2841,16,1,0,3,0.10384110449579737,17,0,3,0,0,0,0,1.580149839040757,4.0,0
2842,16,1,3,1,0.8138099357594671,24,1,2,1,0,0,0,1.513660412883276,4.0,0
2843,18,1,0,3,0.03886549261240594,22,0,2,0,0,1,0,0.5468398683049477,4.0,0
2844,17,1,0,2,0.6596473260195526,4,1,2,0,0,0,0,3.112170722339197,1.0,2
2845,16,1,0,2,0.27281815181545954,27,0,2,0,0,0,0,0.3075940597283189,4.0,0
2846,17,0,2,2,0.8724945885179047,5,0,0,0,0,0,0,2.228511429722963,3.0,1
2847,18,1,2,2,0.4854968697919823,11,0,3,1,0,0,1,2.5064154144606747,2.0,1
2848,18,0,0,1,0.30587481558167856,10,0,2,0,0,0,0,1.9775380444250972,4.0,0
2849,15,1,1,2,0.518181046495194,15,1,1,1,0,0,0,2.340811012860678,3.0,1
2850,16,0,0,2,0.38234417184465996,19,0,1,0,0,0,1,1.261128239702075,4.0,0
2851,17,1,2,2,0.5648968111141796,16,0,1,1,0,1,0,1.783001895562732,4.0,0
2852,15,0,0,1,0.11461163012050142,19,1,4,0,0,0,0,1.501240091930044,4.0,0
2853,16,1,0,3,0.9980836027817614,8,0,1,0,1,0,1,2.2392539847060284,3.0,1
2855,18,0,0,0,0.3485780246757953,25,0,2,1,1,0,1,0.895261805081618,4.0,0
2856,16,0,0,2,0.7109733091568016,2,1,3,0,1,0,0,3.5326403833692965,0.0,2
2857,15,0,1,2,0.36426480187886345,20,0,2,0,0,0,0,1.022641733675116,4.0,0
2858,15,0,3,2,0.8341792219251521,22,1,4,0,0,0,0,1.960538709128941,4.0,0
2859,17,0,0,2,0.4547399967733551,8,0,1,0,1,1,0,2.7454918014149503,2.0,1
2860,15,1,0,3,0.7203326197847887,21,0,2,0,0,1,1,1.554112898573,4.0,0
2861,16,0,0,1,0.10752384055226671,18,0,1,0,0,0,0,0.7068253462731773,4.0,0
2862,16,1,1,2,0.8470388669593566,12,0,2,1,1,0,0,2.823600084682192,2.0,1
2863,17,1,0,3,0.7365107678688266,22,0,2,1,0,1,0,1.2934088269809283,4.0,0
2864,16,1,1,3,0.21190724799845057,13,0,3,1,0,0,0,2.126276926186896,3.0,1
2865,18,1,3,2,0.1454001206424073,19,0,2,0,0,0,0,1.112671201191301,4.0,0
2866,16,1,0,3,0.31660302232511633,18,1,0,0,0,1,0,1.2615877089185958,4.0,0
2867,16,0,0,0,0.9771396396680325,29,0,3,1,1,0,0,1.0784851348128086,4.0,0
2868,15,0,0,3,0.2570739011651871,22,1,2,0,0,0,1,0.6754583905284621,4.0,0
2869,15,0,0,1,0.4565986152899793,26,0,1,0,1,1,0,0.6854728696794552,4.0,0
2870,16,1,2,1,0.03000184471808708,26,0,4,1,1,1,0,1.020926365102642,4.0,0
2871,17,0,0,1,0.39763123385685745,6,1,4,0,0,0,0,3.427620857629511,1.0,2
2872,15,0,0,2,0.5719238297885108,3,1,3,0,0,0,0,3.2485727923536656,1.0,2
2873,17,0,1,1,0.9541672909664084,11,0,3,0,0,0,0,2.278951504956563,3.0,1
2874,16,0,0,1,0.5172771179208686,22,0,0,0,1,0,0,0.8330790224853892,4.0,0
2875,16,0,1,1,0.8199959588844372,26,0,4,0,0,0,0,0.8570927943521445,4.0,0
2876,18,1,0,1,0.5477036490767899,13,0,2,0,1,0,0,1.744497662766337,4.0,0
2877,15,0,2,2,0.04077900598792984,1,0,1,0,0,1,1,2.806877505411242,2.0,1
2878,16,1,3,2,0.315317472814946,0,0,3,1,0,1,0,3.490543307137981,1.0,2
2879,18,1,1,1,0.5761581837633538,27,0,1,0,1,0,0,0.6939648518623458,4.0,0
2880,15,1,3,2,0.9516337355457543,17,0,2,1,0,0,0,2.16155873707839,3.0,1
2881,16,1,0,3,0.8600649968090683,19,1,1,0,0,0,0,1.8933444720314547,4.0,0
2882,16,1,0,2,0.22856520917314105,7,1,2,1,0,1,0,2.882958070804152,2.0,1
2883,15,0,1,1,0.220309946922578,2,0,2,1,1,0,1,3.270373860776488,1.0,2
2884,15,0,1,2,0.20135131709932394,25,0,2,1,1,1,0,1.027015599936749,4.0,0
2885,15,0,0,1,0.9235063721269935,5,0,0,1,1,0,1,2.48966890236666,3.0,1
2886,16,1,0,1,0.853593359897388,21,1,2,0,0,0,0,1.7087987708583718,4.0,0
2887,16,0,0,1,0.7757212319427866,12,0,2,0,0,1,0,2.324093256836654,3.0,1
2888,18,0,0,3,0.39313365472205203,8,0,1,0,0,0,0,2.1974911457392072,3.0,1
2889,17,1,0,1,0.5049075754718143,8,0,4,0,0,0,1,2.500113299959695,2.0,1
2890,15,1,2,0,0.46481258181663515,19,0,2,0,0,0,0,1.0500058515104695,4.0,0
2891,16,1,0,1,0.2536364875695601,8,0,3,0,0,1,1,2.438440919001191,3.0,1
2892,16,1,0,3,0.5055556614068846,14,1,1,0,0,0,0,1.9146018444641888,4.0,0
2893,15,0,1,2,0.030478714360497858,12,0,2,1,1,0,0,1.6278371303258028,4.0,0
2894,17,1,1,1,0.1319089948660326,21,0,1,1,1,0,0,1.069524152365119,4.0,0
2895,15,1,2,2,0.8875557961604204,15,0,2,0,1,0,0,2.369652312774279,3.0,1
2896,17,0,1,2,0.752490895340658,1,0,1,0,0,0,0,2.9747406949660418,2.0,1
2897,16,0,0,2,0.4233015861786561,25,0,2,1,0,0,0,0.3578088919508027,4.0,0
2898,17,1,2,1,0.5176919115004597,13,0,2,0,0,1,1,1.9225514899197131,4.0,0
2899,18,0,1,3,0.3703712923711512,26,0,1,0,0,0,0,0.33096690773874,4.0,0
2900,16,1,0,1,0.741578466614004,5,1,3,0,0,0,1,3.219685483262613,1.0,2
2902,15,0,3,0,0.7641096583298546,7,0,1,0,0,0,0,2.7952105534902603,2.0,1
2903,15,0,0,1,0.7233894409732614,3,1,3,1,0,0,0,3.5617432680571097,0.0,2
2904,15,1,0,1,0.20468651791288792,20,1,3,0,0,0,0,1.36108822691039,4.0,0
2905,17,1,0,2,0.3383055701247408,23,0,2,0,0,1,0,0.7389589820946485,4.0,0
2906,16,1,0,0,0.4703326096991441,13,0,3,1,0,0,1,2.3207725437642064,3.0,1
2907,15,0,0,2,0.33112033274566544,10,0,4,1,0,0,0,2.837891417954615,2.0,1
2908,15,1,1,1,0.7557550761622502,23,0,2,0,0,0,1,0.8273394905182188,4.0,0
2909,16,1,0,2,0.3296792109769076,27,1,3,1,0,0,1,0.8758837048232606,4.0,0
2910,15,1,3,3,0.13833808957221624,13,0,3,1,0,0,0,1.4679683162543722,4.0,0
2911,18,1,2,2,0.39944624019702035,11,0,2,1,0,1,0,2.122102757166825,3.0,1
2912,16,1,1,2,0.9809879047161647,15,0,2,1,0,0,0,2.4818134094533937,3.0,1
2913,16,0,2,2,0.22608816396496642,5,0,4,1,0,0,0,2.876083672610056,2.0,1
2914,16,1,0,1,0.61280941515002,19,0,3,0,1,0,0,1.6626921985519796,4.0,0
2915,18,1,0,3,0.43341784170709824,0,0,1,1,0,0,0,2.9640587263043403,2.0,1
2916,16,1,1,1,0.07105331896299452,11,0,1,1,0,1,0,2.03217846252961,3.0,1
2917,18,1,2,2,0.4883845065868013,6,1,4,0,1,0,0,3.207819245384204,1.0,2
2918,16,0,2,2,0.7029185415913655,7,1,0,0,0,0,0,2.553484846074773,2.0,1
2919,17,0,0,1,0.5137570072739506,8,1,3,1,1,0,0,3.128858646003016,1.0,2
2921,17,1,0,2,0.2892162467559663,16,1,0,0,0,0,1,1.357062701404827,4.0,0
2922,15,1,2,3,0.08629542249080917,19,0,0,0,1,0,0,0.6848879979871082,4.0,0
2923,18,0,3,3,0.9375892564245795,12,0,2,1,0,0,0,2.2346962873244927,3.0,1
2924,17,0,0,2,0.3785781784883186,4,0,0,0,0,0,1,1.953200561311372,4.0,0
2925,16,0,2,2,0.5770152113625554,9,0,2,0,1,0,0,2.4709240029839887,3.0,1
2926,15,1,0,3,0.7928606039987547,11,0,3,0,1,0,0,2.512488758731327,2.0,1
2927,15,1,0,0,0.32463355755074846,16,1,2,0,0,1,0,2.0972515782565893,3.0,1
2928,17,0,1,1,0.7169348436178327,20,0,3,1,0,0,1,1.3451314633822888,4.0,0
2929,18,0,1,2,0.13552161893825096,5,0,2,0,0,0,1,2.241727972459657,3.0,1
2930,17,0,3,3,0.2915756862404652,2,0,2,0,0,0,0,2.637348954652655,2.0,1
2931,18,1,1,3,0.14482408567174032,27,0,2,0,0,1,0,0.2861100389415956,4.0,0
2932,18,1,0,2,0.8121101371819589,14,1,2,0,1,0,0,2.0845477071034386,3.0,1
2933,15,1,2,0,0.22285227104159383,6,0,4,1,0,0,0,2.7778858935835875,2.0,1
2934,17,0,3,2,0.7181752850299189,29,0,3,0,0,0,0,0.4841831958032389,4.0,0
2935,17,0,0,1,0.944329780991616,5,0,2,0,0,0,0,2.875735286006944,2.0,1
2936,18,1,3,1,0.5283259675341108,3,1,3,0,0,0,0,3.4713372144944583,1.0,2
2937,17,0,0,2,0.5405970394770147,18,0,2,0,0,0,0,1.3180744589421032,4.0,0
2938,16,1,2,0,0.4615106140403785,4,0,1,1,0,0,0,2.715908932047662,2.0,1
2939,16,0,0,3,0.3262118491482747,2,1,2,0,1,0,0,3.4745618447603603,1.0,2
2940,17,0,0,2,0.4761488834623173,25,0,3,1,0,0,0,0.9349429908719434,4.0,0
2941,17,0,0,2,0.6034475398501637,24,0,2,0,0,0,1,0.5185224297099189,4.0,0
2942,18,0,1,0,0.9870720294533555,8,0,3,0,1,0,0,2.726094628858152,2.0,1
2943,16,1,0,1,0.9387895822114454,5,1,2,1,0,0,0,3.099064650031246,1.0,2
2944,16,0,0,0,0.8630910696674214,12,0,2,1,0,0,0,2.0735452919667288,3.0,1
2945,15,1,1,4,0.8900996563713552,26,0,4,1,1,1,0,1.983133992222757,4.0,0
2946,18,1,3,3,0.4683340634222326,21,0,2,0,0,0,0,0.7662736791529805,4.0,0
2947,15,1,0,2,0.658147136854335,27,0,3,0,0,0,0,0.6361329335031771,4.0,0
2948,16,0,0,1,0.8960426669346055,29,0,3,1,1,1,0,1.1480334125866043,4.0,0
2949,18,1,0,3,0.3933495533682791,19,0,4,0,1,1,0,1.7504046795082222,4.0,0
2950,17,1,0,1,0.962815085571852,3,0,0,1,0,0,0,2.8211081074612654,2.0,1
2951,18,1,2,1,0.4162110984070984,1,0,1,1,0,1,1,3.240512073968693,1.0,2
2952,17,0,2,2,0.6017206903337731,25,0,3,1,0,0,0,0.7058616313604631,4.0,0
2953,17,0,1,3,0.7105677084316963,3,0,2,1,0,0,0,2.9127221778502177,2.0,1
2954,18,1,0,0,0.9516317804458649,7,0,2,0,0,0,0,2.894723042268489,2.0,1
2955,17,0,2,1,0.24484455981132439,12,0,1,1,1,0,0,1.777279849146076,4.0,0
2956,15,1,1,3,0.7469357285099091,9,0,1,0,0,0,1,2.4571875145361584,3.0,1
2957,16,1,2,1,0.5213613483407968,17,1,2,0,0,0,0,1.9390765371477845,4.0,0
2958,17,0,1,1,0.2688129451340909,8,0,1,0,0,0,0,2.291686152272234,3.0,1
2959,15,1,2,2,0.7774466204516529,29,0,1,0,1,0,0,0.5847407288696445,4.0,0
2960,17,0,1,3,0.5528041426970377,0,0,0,1,0,1,1,2.905466160345195,2.0,1
2961,16,0,0,2,0.6616806872918071,12,0,1,1,0,0,0,1.7389421343230629,4.0,0
2962,15,1,3,4,0.32321933854981066,17,1,3,0,1,0,0,1.6698070522329402,4.0,0
2963,16,0,1,2,0.4817742630161081,14,0,3,0,0,0,0,1.6482889223547217,4.0,0
2964,16,0,1,0,0.6180109792519258,1,0,0,1,0,0,1,2.7103913101189026,2.0,1
2965,15,1,0,4,0.4053233500881028,10,0,1,1,0,0,0,1.956169125963332,4.0,0
2966,15,1,1,2,0.19854767089073955,28,0,2,1,1,0,0,0.6729361977994386,4.0,0
2967,15,0,1,1,0.9626929593252256,13,0,2,1,1,0,0,2.607172929225517,2.0,1
2968,18,0,0,2,0.5120025571569028,21,0,3,1,0,1,0,1.5660204997024247,4.0,0
2969,15,1,0,1,0.7347110851137502,14,1,3,0,0,0,0,2.197394591639808,3.0,1
2970,15,0,1,0,0.41146678281634447,13,1,3,1,0,0,0,2.332971816562523,3.0,1
2971,15,0,2,0,0.35548708146996205,15,0,2,1,0,0,0,1.773293697386631,4.0,0
2972,15,0,1,2,0.4075794245457644,22,0,2,1,1,0,1,1.1496496267546503,4.0,0
2973,17,0,0,3,0.4096141059372755,28,1,3,0,0,0,0,0.8409854510198023,4.0,0
2974,18,0,1,2,0.5447527344245567,14,0,0,1,1,0,0,1.5635740338353443,4.0,0
2975,16,0,0,4,0.5440416720739626,18,0,0,0,0,0,0,0.8707134779286393,4.0,0
2976,15,0,0,1,0.49767238013157444,26,1,0,0,1,1,0,0.61316598823277,4.0,0
2977,17,1,0,1,0.13488782636338614,8,0,2,1,1,0,0,2.5723917087049197,2.0,1
2978,17,1,0,1,0.4965928032576938,4,0,1,0,0,0,0,2.30759662333527,3.0,1
2979,17,1,0,1,0.16924538871740638,4,0,1,0,0,1,0,2.3180465210933434,3.0,1
2980,16,1,0,1,0.12622788502778196,10,0,3,1,0,0,0,2.31055728577378,3.0,1
2981,15,1,0,2,0.933664856397447,27,1,4,1,1,1,1,1.5858200366928563,4.0,0
2982,18,0,0,3,0.6055924833990735,19,0,1,1,0,1,0,1.6306137401298542,4.0,0
2983,18,0,1,4,0.6601952192605097,24,1,2,0,1,1,0,1.558632200330993,4.0,0
2984,17,0,0,1,0.4022026231602489,23,0,1,1,0,0,0,0.6835053013860497,4.0,0
2985,16,0,0,3,0.9099728295113817,27,0,4,0,0,0,0,0.9709123787681464,4.0,0
2986,16,1,2,1,0.638610869136784,3,0,1,1,0,0,1,3.3446266750887066,1.0,2
2987,16,0,0,1,0.77000110177657,19,0,3,0,1,0,0,1.8859166518517383,4.0,0
2988,18,0,1,3,0.36893322435392584,17,0,1,1,0,0,0,1.4699645571762952,4.0,0
2989,17,1,0,2,0.9610624758266434,24,0,3,0,0,0,0,1.436375445405192,4.0,0
2990,15,0,0,1,0.821351479174738,2,1,1,1,1,0,0,3.399542858486649,1.0,2
2991,18,0,1,2,0.8548771437573401,3,1,1,0,1,0,0,3.5635357914562173,0.0,2
2992,17,1,1,1,0.1723393079352225,13,0,1,1,1,1,0,2.0744387503601613,3.0,1
2993,17,0,2,2,0.27122177803116454,6,0,1,0,0,0,0,2.5040052870066454,2.0,1
2994,15,0,1,2,0.2859020246334971,25,1,3,1,0,0,0,0.9669488067667787,4.0,0
2995,15,0,3,4,0.2711677313543582,7,0,3,0,0,0,0,2.6910442047353333,2.0,1
2996,15,0,0,0,0.8563385206936495,23,0,2,0,1,0,0,0.8647850838512876,4.0,0
2997,16,0,0,1,0.031868557432927914,15,1,4,1,0,0,0,1.993952452575168,4.0,0
2998,15,1,0,2,0.07613457422165841,19,0,2,1,0,0,0,1.2001797196357924,4.0,0
2999,17,1,0,2,0.27417683356939876,14,0,4,0,1,0,0,2.195712898261988,3.0,1
3000,15,1,1,1,0.20004983036258403,6,0,1,0,0,1,0,1.9012665239921251,4.0,0
3001,17,1,1,2,0.23207323653867049,25,0,4,1,0,1,0,0.8399765237396326,4.0,0
3002,18,1,0,3,0.7988074949088849,16,0,0,1,0,0,1,1.3620437691526197,4.0,0
3003,16,1,3,3,0.5637209903446246,21,0,2,0,0,0,0,0.8507438645015205,4.0,0
3004,18,0,2,3,0.005724406707539784,21,1,2,1,0,0,0,1.0033653059742336,4.0,0
3005,18,1,0,3,0.42976336176387503,21,0,2,1,1,0,0,1.3905396980299167,4.0,0
3006,17,1,0,2,0.40830088125304537,11,0,2,0,1,0,1,2.4399813258092324,3.0,1
3007,18,0,0,3,0.11402335582499508,17,0,2,0,0,1,0,1.2433117162791911,4.0,0
3008,17,0,0,1,0.6768660900170329,23,1,4,1,0,0,0,1.9648466563741724,4.0,0
3009,15,1,0,1,0.7028513241483715,13,1,4,1,0,0,0,2.6882293307172063,2.0,1
3010,15,0,1,1,0.7216689598597988,14,1,4,1,1,0,0,2.7397016672595758,2.0,1
3011,17,1,0,2,0.7292553965603867,14,0,4,0,0,1,0,2.496121936033516,3.0,1
3012,15,0,0,1,0.0,4,1,3,0,1,0,0,2.968807133269986,2.0,1
3013,16,1,3,4,0.9549643974848159,15,0,4,0,1,0,0,2.215944169222752,3.0,1
3014,18,0,1,1,0.8150917691279098,4,0,3,1,0,0,0,3.5037432645192648,0.0,2
3015,16,0,3,0,0.9049678878763313,1,0,2,0,0,1,0,3.3847294719580105,1.0,2
3016,18,1,0,2,0.015608388790375318,19,0,3,0,0,0,0,1.417604009607429,4.0,0
3017,15,1,0,0,0.9348793292112525,27,1,4,0,0,0,0,1.139337063496313,4.0,0
3018,16,1,1,1,0.8106664499321504,24,0,3,0,0,0,0,0.7695898642280781,4.0,0
3019,15,1,0,1,0.8381285942367454,8,0,2,0,0,0,0,2.34844345354412,3.0,1
3020,18,1,0,2,0.09334172596126977,21,0,0,0,0,0,1,0.3218314296846537,4.0,0
3021,17,0,1,2,0.7395743273652067,26,0,3,1,0,1,0,1.1241371864897378,4.0,0
3022,17,1,1,2,0.9609671752324074,8,0,4,0,0,0,0,2.7170969538329475,2.0,1
3023,16,1,0,2,0.6792744078889171,3,0,2,0,0,0,0,2.6565407804958623,2.0,1
3024,15,0,0,2,0.571164346997187,14,0,1,0,0,0,0,1.5277480662258427,4.0,0
3025,15,0,0,1,0.9466637411780624,10,0,2,0,1,1,0,2.735672949043832,2.0,1
3027,17,0,0,2,0.5999295347766768,17,1,2,0,0,0,0,1.7062124885863237,4.0,0
3028,18,0,0,0,0.47683293140579536,28,1,3,0,0,0,0,0.9590415228646012,4.0,0
3030,18,0,3,2,0.07611929446328564,7,0,3,0,0,0,0,1.8589248556209292,4.0,0
3031,17,0,1,2,0.5016428236481262,24,1,2,0,0,0,0,1.0007755569217258,4.0,0
3032,15,1,2,1,0.6876891690721317,15,0,4,1,1,0,0,2.413651872584266,3.0,1
3033,17,1,0,1,0.792763905268356,25,1,2,0,0,0,0,1.1721916329362534,4.0,0
3034,16,0,0,3,0.5836359087556146,27,0,1,1,0,0,0,0.2759351000710758,4.0,0
3035,15,0,0,3,0.9099096091329374,21,1,2,0,1,0,0,1.907640379807341,4.0,0
3036,16,1,0,2,0.9430213283598191,17,0,3,0,0,1,0,2.018579782190191,3.0,1
3037,16,0,0,2,0.06434026706998466,21,0,3,0,0,0,0,0.9157121795938512,4.0,0
3038,17,0,2,2,0.40278015544877116,8,0,4,1,1,0,0,3.12911663958354,1.0,2
3039,16,0,1,4,0.023433098966440035,11,0,2,0,0,0,0,1.945989188418632,4.0,0
3040,17,1,1,4,0.3297424166695689,18,1,1,0,0,0,0,1.510058697488437,4.0,0
3041,15,0,0,1,0.5374324318148923,24,0,0,0,1,0,0,0.1530318116508149,4.0,0
3042,17,0,3,3,0.9117889532474704,17,0,3,0,1,0,0,1.7119846768416216,4.0,0
3043,15,1,0,1,0.8474745040364118,26,1,3,1,1,0,0,1.419977098603833,4.0,0
3044,17,0,0,1,0.12759339318101304,4,0,2,0,1,0,0,2.438731252650425,3.0,1
3045,18,0,0,2,0.09308442056087597,26,0,2,1,0,0,0,0.3167559737315224,4.0,0
3046,18,1,2,2,0.5898917826068809,1,0,4,0,1,0,0,3.5433159148930136,0.0,2
3047,16,1,3,3,0.532676726148188,6,0,4,1,1,0,0,3.1252696624964185,1.0,2
3048,17,1,0,0,0.2666309407249281,26,1,1,0,1,0,0,0.6550115881417289,4.0,0
3049,17,1,2,2,0.9004340704419044,9,1,3,1,1,0,0,3.5116138627312408,0.0,2
3050,15,0,2,3,0.9283794802338599,14,1,3,0,0,1,0,2.8625628192347974,2.0,1
3051,16,0,0,3,0.40302133114793215,24,0,1,1,1,1,0,1.1162284613450342,4.0,0
3052,17,1,0,1,0.8912730249563691,6,0,2,1,0,0,0,3.2011819553323124,1.0,2
3053,16,1,0,1,0.38433733546767207,27,0,1,0,0,0,0,0.1005921480894177,4.0,0
3054,18,0,3,2,0.7376108759844335,4,1,1,1,0,0,0,3.017133682391308,1.0,2
3055,17,1,0,1,0.4764364001908921,14,0,3,1,1,0,0,2.220548508939325,3.0,1
3056,17,0,2,4,0.12267117167997207,19,0,2,1,0,0,1,1.1110684623439582,4.0,0
3057,16,1,0,3,0.9289479246558129,27,0,2,0,1,0,0,0.9918923912020086,4.0,0
3058,17,0,2,1,0.4545656656361514,19,0,2,0,0,0,0,1.175347658120809,4.0,0
3059,16,1,0,1,0.7352784065055569,14,1,0,1,0,0,0,2.2925396421337085,3.0,1
3060,17,1,1,0,0.36754297357281035,9,0,3,0,0,0,1,2.2942213571902887,3.0,1
3061,15,0,2,3,0.018849693489164245,23,0,2,0,0,0,1,0.3699206268971446,4.0,0
3062,16,1,2,1,0.10059302534497173,25,0,2,1,1,0,0,0.6657412071192984,4.0,0
3063,17,0,2,2,0.4967369697685751,28,1,4,0,0,0,0,0.7289188138326557,4.0,0
3064,18,0,0,2,0.6907045468502083,25,0,2,0,0,1,0,1.010198033751084,4.0,0
3065,17,0,1,2,0.3350671994021304,13,0,3,0,0,0,0,1.8298105464885008,4.0,0
3066,18,0,0,0,0.6962349985633662,25,0,2,1,0,0,0,0.940947219838506,4.0,0
3067,18,0,0,1,0.699385746276725,25,0,3,1,0,0,0,1.1528666911541523,4.0,0
3068,15,1,1,3,0.7046921566064704,9,1,3,1,0,0,0,3.030196982539537,1.0,2
3069,16,1,0,3,0.4930350940750984,16,0,1,1,0,0,0,1.7570919535414902,4.0,0
3070,17,0,1,2,0.9158848754986452,20,1,3,0,0,1,0,1.966123442653016,4.0,0
3071,15,1,3,0,0.4897059357380681,13,0,0,0,0,0,1,1.301643735879369,4.0,0
3073,18,1,1,2,0.1995571090170037,15,1,2,0,1,1,0,1.922165909079572,4.0,0
3074,16,1,0,1,0.3079558328826922,12,0,3,0,0,0,0,1.789036775909554,4.0,0
3075,17,1,0,3,0.04233026611461306,26,0,2,1,0,0,1,0.6329881184701,4.0,0
3076,17,1,0,2,0.6342106211289997,8,0,3,1,0,1,0,2.8504352924310816,2.0,1
3077,18,0,3,0,0.2487685349085717,6,0,4,0,0,0,0,2.684821286526617,2.0,1
3078,17,0,2,3,0.3044519771398454,15,0,3,1,0,0,0,1.899340250146643,4.0,0
3079,17,1,3,4,0.7716476443575762,9,0,1,1,0,0,0,2.454306701864281,3.0,1
3080,18,1,3,0,0.3275444188755946,23,1,2,1,0,0,0,1.2083322825671698,4.0,0
3081,15,0,0,2,0.2424213956716163,21,0,2,0,1,0,0,1.5269160461968396,4.0,0
3082,18,1,0,1,0.16919918438200784,8,1,2,0,1,0,0,2.6867167544354524,2.0,1
3083,15,0,1,1,0.7756961731010565,21,0,2,0,0,1,0,1.1307853592581485,4.0,0
3084,16,0,0,1,0.12980246078959426,22,0,2,0,0,0,0,0.7411030550092116,4.0,0
3085,15,0,0,2,0.4542224384404998,6,1,2,0,0,1,0,2.8934002946535644,2.0,1
3086,15,1,0,4,0.5074599176636575,15,0,1,1,0,0,0,1.3763806884640657,4.0,0
3087,16,0,1,2,0.6881271432224294,8,0,2,0,0,0,0,1.935602560783459,4.0,0
3088,15,1,1,0,0.633958520402131,26,1,1,0,1,1,0,1.0583113523259429,4.0,0
3089,18,0,0,2,0.8115996656395289,23,1,1,0,1,0,0,1.230428755834961,4.0,0
3090,15,1,0,1,0.04474998566830936,28,0,3,1,0,0,0,0.1470688699977313,4.0,0
3091,16,1,1,3,0.296728579991673,16,0,0,0,1,0,1,1.1696905137872946,4.0,0
3092,18,1,1,2,0.2804032304102541,19,0,2,0,0,0,0,1.016215042238629,4.0,0
3093,16,0,0,1,0.14613185661467934,6,0,2,1,0,1,0,2.5210277348652257,2.0,1
3094,16,0,2,1,0.2894577612441725,10,0,2,0,0,0,0,2.027841922241568,3.0,1
3095,17,1,0,2,0.3100684852628559,7,0,3,1,0,0,0,2.670947554324345,2.0,1
3096,17,1,0,1,0.5224314527401278,6,0,2,0,1,0,0,2.8728793655039597,2.0,1
3097,16,1,2,2,0.6644144843150248,27,1,1,0,1,0,0,1.0296486453677298,4.0,0
3098,16,0,1,1,0.38148568075425976,18,1,3,0,0,0,0,1.757497312769606,4.0,0
3099,16,0,0,1,0.7202443364722653,19,0,4,1,1,0,0,1.895283343248585,4.0,0
3100,17,0,1,2,0.33649885512526406,11,0,0,1,1,0,1,2.035367286041147,3.0,1
3101,17,0,1,3,0.2905644553280354,6,0,2,0,0,0,0,2.053147894166025,3.0,1
3102,15,1,2,3,0.5417572351254969,7,0,2,0,0,0,0,2.329719254270638,3.0,1
3103,15,1,2,1,0.023690733348109522,6,0,1,0,1,0,0,1.7562115530004156,4.0,0
3104,16,0,1,1,0.07982794933920305,5,0,2,1,1,1,0,2.827342954327372,2.0,1
3105,18,0,0,1,0.4183970897204611,24,0,3,0,0,0,0,0.6937125121602848,4.0,0
3106,18,1,0,2,0.9439436518123184,8,1,1,0,0,1,0,2.953961921722677,2.0,1
3107,17,0,0,2,0.7222882316538968,26,1,4,0,0,0,0,0.9894684413187074,4.0,0
3108,17,0,0,3,0.08817497865690237,12,1,2,0,1,0,0,2.1370681063433614,3.0,1
3109,17,0,1,3,0.8472379227264529,6,0,2,1,1,0,0,3.03210533252155,1.0,2
3110,16,0,1,1,0.7330896237904315,7,0,3,1,0,0,0,2.804363175110951,2.0,1
3111,18,0,0,2,0.6115958886266721,21,0,0,0,0,0,0,0.6128025023431376,4.0,0
3112,15,0,0,3,0.8211829561397253,16,1,2,0,1,0,0,2.202232939648992,3.0,1
3113,16,1,0,3,0.40452146289274027,16,0,2,0,0,0,0,1.4102620381944773,4.0,0
3114,15,0,0,0,0.2217027668917156,15,0,2,0,1,0,0,1.4414095429135232,4.0,0
3115,15,0,2,1,0.5125590451420198,21,0,2,1,0,0,1,1.2335870210314048,4.0,0
3116,16,1,0,2,0.5494197323832319,1,0,0,0,0,0,0,2.7905751470187807,2.0,1
3117,15,1,1,1,0.5388922619248138,29,0,1,0,0,0,0,0.3785436345391653,4.0,0
3118,18,1,3,1,0.5656704261328761,7,0,1,0,0,0,1,2.1728123218250155,3.0,1
3119,15,0,0,0,0.949742516493834,16,0,4,1,1,0,0,2.3916876827143443,3.0,1
3120,18,1,0,2,0.9032298188590167,12,0,0,0,1,0,0,1.7831074672235316,4.0,0
3121,18,0,0,1,0.8766707391206875,17,0,1,1,1,0,0,1.7859269858399722,4.0,0
3122,18,0,1,0,0.8022851093077876,23,0,4,1,0,0,0,1.2687721230682183,4.0,0
3123,17,0,1,1,0.9444596401060261,27,1,3,1,0,0,0,1.4868656515688805,4.0,0
3124,15,1,0,3,0.09855496838396974,21,0,2,1,0,0,0,1.0619359966520148,4.0,0
3126,16,1,2,2,0.49557209851289824,9,0,3,0,0,0,0,2.1516179803357813,3.0,1
3127,15,1,0,2,0.8474546519016388,1,1,1,1,1,0,0,3.5974890937641693,0.0,2
3129,17,0,2,1,0.7488416778851162,26,0,4,1,0,1,1,1.1767815056705988,4.0,0
3130,18,0,1,1,0.13906674462445776,13,0,2,1,1,0,1,1.948327515860377,4.0,0
3131,15,0,2,1,0.25265106159240996,15,0,1,0,1,0,0,1.8080971980423568,4.0,0
3132,15,0,1,1,0.7325643451332251,6,0,3,0,1,1,0,3.222140089605496,1.0,2
3133,16,1,2,1,0.16487047422628867,20,0,2,1,0,0,0,0.8092601434109807,4.0,0
3134,15,1,0,3,0.3517069119838812,20,1,2,1,1,0,0,1.2945928801079334,4.0,0
3135,17,0,2,2,0.2651178198532927,23,1,2,0,0,1,0,1.0777476837996005,4.0,0
3136,15,1,3,2,0.35021095400142926,11,1,3,0,0,1,0,2.920181898407056,2.0,1
3137,16,1,1,3,0.7090853422924553,27,0,2,0,0,0,0,0.7961429158962126,4.0,0
3138,18,0,0,0,0.3682171142835851,22,1,4,0,0,0,0,1.446052351501112,4.0,0
3139,16,0,0,1,0.5558486806478704,27,0,3,0,1,0,0,0.9401842567137784,4.0,0
3140,16,1,0,2,0.09999385578469436,13,0,1,1,0,0,0,1.7820606670994417,4.0,0
3141,18,1,0,2,0.8058901306567446,24,1,3,0,0,1,0,1.1058998695955586,4.0,0
3142,16,0,0,0,0.37026090532092715,3,0,1,1,0,0,0,2.81347034515229,2.0,1
3143,16,0,1,2,0.6492267269452355,25,0,3,1,1,1,0,1.65178667236737,4.0,0
3144,15,0,1,2,0.7261705108224977,3,0,1,1,1,0,0,3.603507572240497,0.0,2
3145,15,1,0,2,0.20984902855051696,17,0,2,1,0,0,0,1.5269602894052965,4.0,0
3146,18,0,1,2,0.8856389842009349,2,1,3,0,1,0,1,3.4590447338738057,1.0,2
3147,15,0,0,1,0.6168796809965483,0,0,1,1,0,0,0,3.3339700023673537,1.0,2
3148,15,1,0,0,0.42916505087417317,16,0,3,0,0,0,0,1.7181817231817458,4.0,0
3149,16,1,0,2,0.18249188053212376,6,0,3,1,1,1,0,3.1832324893858304,1.0,2
3150,17,1,1,1,0.9433311751206384,29,1,2,0,1,0,0,0.9966476630212407,4.0,0
3151,15,1,0,3,0.7558832272693141,15,0,2,1,1,0,1,2.525086321570887,2.0,1
3152,17,1,0,2,0.2082107882638826,29,0,4,0,0,1,0,0.512852046329121,4.0,0
3153,15,0,0,1,0.3380460676666639,4,1,1,0,0,1,1,2.864498066852598,2.0,1
3154,15,0,2,2,0.8105520479841343,18,0,3,0,0,1,0,1.733364046560005,4.0,0
3155,18,1,0,2,0.6964244200810458,6,0,3,1,0,0,0,2.9868916209305363,2.0,1
3156,18,1,1,1,0.7666116334280066,13,1,4,0,0,0,0,2.565368052695248,2.0,1
3157,18,1,1,3,0.44165535178945664,1,0,3,0,0,0,1,3.1391893048250425,1.0,2
3158,17,1,2,3,0.7172469263931018,2,1,2,1,0,0,1,3.636416567860032,0.0,2
3159,16,1,3,2,0.3868850892139096,16,0,4,0,0,1,0,1.467442366638756,4.0,0
3160,15,0,0,0,0.21145286478496875,15,1,3,0,0,0,0,1.7995311493172337,4.0,0
3161,15,0,0,2,0.6333513758313182,7,1,3,0,1,0,0,3.1831261171881216,1.0,2
3162,15,0,2,2,0.9770829141067644,17,0,0,0,0,0,0,1.441964197006561,4.0,0
3163,17,0,0,1,0.31090510305890395,14,0,2,1,1,1,0,1.8815889866263615,4.0,0
3164,18,1,1,1,0.4614465646182245,6,1,3,0,0,1,0,3.1326292974173744,1.0,2
3165,16,0,1,3,0.6747232121891747,26,0,2,1,0,0,0,0.8142853492286524,4.0,0
3166,17,1,1,0,0.5420758271751485,8,0,2,0,0,0,0,2.4777903742896354,3.0,1
3167,18,1,3,2,0.8443443835036315,5,0,1,1,0,0,0,2.9713320163258232,2.0,1
3168,17,1,3,2,0.7625654015930954,17,1,2,1,0,0,0,2.071972431377945,3.0,1
3169,16,0,2,2,0.05831132574742411,17,1,1,1,1,0,1,1.6356867327778124,4.0,0
3170,18,1,0,0,0.9995159784423967,24,0,1,0,0,0,0,0.9062765162662464,4.0,0
3171,17,0,2,3,0.753214412718661,25,0,2,0,0,0,0,0.8090678531539729,4.0,0
3172,16,0,0,1,0.8648434396119569,23,1,3,0,0,0,0,1.6838320257206556,4.0,0
3173,15,1,0,2,0.6518933416199973,13,1,2,1,1,0,0,3.138784394067383,1.0,2
3174,16,1,2,2,0.8572164946618906,13,0,1,0,0,1,0,1.798950340087624,4.0,0
3175,15,1,0,2,0.11245926553460343,13,1,1,1,1,1,0,1.687307435197655,4.0,0
3176,17,0,0,4,0.34808465407555156,24,1,2,0,0,1,0,0.9030855768578068,4.0,0
3177,18,1,0,2,0.8773754552699985,3,0,3,0,0,1,0,3.137624350847544,3.0,2
3178,18,0,2,1,0.20183411556635267,3,1,3,0,0,0,1,3.189217169770364,2.0,2
3179,17,1,1,4,0.0782791460621032,14,0,1,0,1,0,0,1.795369078193629,3.0,0
3180,18,1,1,2,0.7889719531480844,14,0,2,1,1,0,0,2.435958199527401,4.0,1
3181,18,0,0,1,0.8363936149444795,17,0,3,0,0,0,0,1.6884896091579062,4.0,0
3182,15,0,2,1,0.16278629062064195,13,1,1,0,0,0,0,1.8440563794665372,1.0,0
3183,17,0,2,3,0.8552751204533694,25,1,2,0,0,0,0,1.3055845144947993,2.0,0
3184,16,0,0,1,0.6875043110433378,0,0,2,1,0,0,0,3.545153035874012,2.0,2
3185,15,0,0,2,0.520627602980315,9,0,1,0,0,0,1,2.17234554236808,4.0,1
3186,17,0,0,2,0.8311516336213908,28,0,0,0,1,0,0,0.3751478505639292,4.0,0
3187,15,1,3,1,0.4196782664066617,19,1,2,1,1,0,0,1.5578704926030598,3.0,0
3188,16,1,1,2,0.19416405431714787,9,1,0,0,0,0,0,2.185710840310208,3.0,1
3189,16,0,3,0,0.28512721197707175,9,0,1,0,1,0,0,2.4598046717382283,1.0,1
3190,17,1,0,2,0.5056917898441897,26,0,2,0,1,0,0,0.4275685065973586,4.0,0
3191,16,0,2,2,0.531888641541232,23,0,0,1,0,0,0,0.8719991150294315,3.0,0
3192,15,1,2,2,0.8064539111550579,1,0,2,1,0,0,0,3.2229374986891246,1.0,2
3193,16,1,1,2,0.7922094539177938,28,0,1,1,1,0,0,0.8181261027428247,2.0,0
3194,15,0,3,3,0.581981919526081,27,1,2,1,0,0,0,0.6189366143827062,4.0,0
3195,15,0,0,2,0.7816300671495535,26,0,3,1,0,0,0,1.1746095143108737,0.0,0
3196,16,0,0,0,0.1919410040430034,7,0,3,0,1,1,0,2.8005690841335875,4.0,1
3197,17,1,1,1,0.05006918595373177,0,0,2,0,0,0,0,2.995458295719109,3.0,1
3198,18,0,2,2,0.8745851306527018,0,0,0,0,1,0,0,3.353659743298607,4.0,2
3199,16,1,1,3,0.07558845198587706,3,0,3,0,0,0,0,2.7326611971495227,0.0,1
3200,15,0,0,3,0.24691909733595124,6,0,1,1,0,0,0,2.555667542727533,4.0,1
3201,15,1,1,3,0.6960652941678733,8,0,0,1,0,1,0,2.378050042081803,3.0,1
3202,16,1,0,1,0.4098656886278572,15,1,3,0,0,0,0,2.0607924590958486,2.0,1
3203,17,0,0,2,0.8772683586204415,4,0,4,0,0,0,0,3.1152505558547765,3.0,2
3204,17,1,1,2,0.29826941895362097,1,1,2,1,0,0,0,3.453790618896306,1.0,2
3206,15,0,0,0,0.300948340594816,22,0,3,0,0,0,0,1.0281836891510068,1.0,0
3207,17,1,0,3,0.5786866280927125,10,0,0,1,0,0,0,1.989455195588546,4.0,0
3208,18,0,0,1,0.376317608942079,17,1,3,0,0,0,0,1.6720340583678444,1.0,0
3209,16,0,0,1,0.5354346759252309,24,0,2,1,0,0,1,0.8762666604767739,4.0,0
3210,15,0,2,0,0.8775528341540405,24,0,2,1,0,0,0,0.8597452884552536,1.0,0
3211,15,0,3,3,0.913481019675328,18,1,2,0,0,0,1,1.970600159244711,3.0,0
3212,17,1,0,2,0.26622690005895033,12,0,4,0,1,0,0,2.268850734169383,0.0,1
3213,16,1,2,2,0.4626187915411643,23,1,3,1,0,0,0,1.11944101772116,4.0,0
3214,17,1,2,3,0.5497223394626188,10,0,2,0,1,1,0,2.370893096932428,1.0,1
3215,16,0,2,1,0.9501505235869295,19,0,3,0,0,0,0,1.499701931968684,0.0,0
3216,16,1,0,2,0.9997122890725755,18,0,2,1,0,0,0,1.8790984603853385,1.0,0
3217,16,1,3,0,0.23562494931528485,16,1,3,0,0,0,0,1.699348106354839,1.0,0
3218,15,0,0,1,0.7277626084370078,4,0,3,0,1,0,0,3.3675911599478865,1.0,2
3219,18,0,0,3,0.37841270120432907,12,0,0,0,0,0,0,1.2878189977208636,3.0,0
3221,18,0,0,1,0.009210270064902926,26,0,4,0,0,0,0,0.5764027197831978,0.0,0
3222,17,0,0,1,0.46104251606882335,19,1,4,0,1,1,1,1.9922988471433196,1.0,0
3223,16,0,0,2,0.488843340392635,0,0,0,0,1,0,0,3.043931624402609,2.0,2
3224,15,0,0,0,0.022542751586711544,9,0,1,0,0,0,0,1.756186167808898,4.0,0
3225,18,1,2,1,0.6876641156965347,7,0,4,1,0,0,1,3.2537859623175915,3.0,2
3226,15,0,2,1,0.2942884422187552,23,0,2,1,1,0,0,1.0933875706255465,2.0,0
3227,17,0,0,1,0.5604837812608254,28,0,2,0,1,0,0,0.763471998256058,2.0,0
3228,15,0,2,3,0.3012120760012763,7,0,1,0,0,0,0,2.2973555861936927,0.0,1
3229,15,0,2,1,0.1672735392320944,18,1,3,1,1,0,0,1.6511561293797232,0.0,0
3230,18,0,2,1,0.40758887552844464,5,1,1,1,0,0,1,2.827614868021281,3.0,1
3231,16,0,0,2,0.23248746303101292,11,0,1,1,0,0,0,2.0557722559036584,3.0,1
3232,15,0,1,3,0.5353628145796805,27,1,1,1,0,0,0,0.7697406121390962,4.0,0
3233,16,0,3,1,0.19900418546630558,6,0,4,0,0,0,0,2.635693450834733,1.0,1
3234,17,1,1,0,0.5089374746544154,15,0,3,0,0,1,0,1.9337798086138684,3.0,0
3235,15,0,0,1,0.15750652545777832,8,0,3,1,0,1,0,2.7157532703177374,3.0,1
3236,18,1,1,2,0.6716930716183903,20,0,2,1,0,0,0,1.325172784257977,1.0,0
3237,17,0,1,2,0.7547514081067819,24,0,4,0,0,1,0,1.2450911401798577,4.0,0
3238,17,0,1,3,0.11046823890405864,21,1,3,0,0,0,0,1.3339741028791137,0.0,0
3239,18,0,0,4,0.46828723840645603,9,1,3,0,0,0,0,2.622327676479096,4.0,1
3240,15,0,0,2,0.07090027625605158,9,0,4,0,1,0,0,2.407284043136154,1.0,1
3241,15,1,2,2,0.5988171368338994,9,0,2,0,0,0,0,2.266160309674473,0.0,1
3242,17,0,2,2,0.2646553289710191,19,1,3,1,0,0,0,1.7609996788469535,0.0,0
3243,15,0,0,0,0.5281780454706015,28,0,4,1,0,0,0,0.8130174224118295,0.0,0
3244,16,1,3,4,0.5180029156732141,15,0,3,1,1,0,1,2.19241453410119,4.0,1
3245,18,1,0,1,0.9253639547593799,0,0,2,1,0,0,0,3.211743755038164,1.0,2
3246,16,0,1,1,0.5496614769119424,16,0,0,0,0,0,0,1.2782356660108654,4.0,0
3247,15,1,2,2,0.5836157178480642,29,0,3,1,1,1,0,0.9238316977083888,4.0,0
3248,17,1,2,1,0.4020619170427491,25,1,2,1,0,1,0,1.3250390169983148,2.0,0
3249,18,1,3,2,0.9501176321179099,20,1,1,0,0,1,0,1.6094102771441563,3.0,0
3250,15,0,0,2,0.7780263557046668,28,0,3,1,0,1,0,1.2628487317952892,4.0,0
3251,15,0,2,2,0.2856804608693843,13,1,2,0,1,0,0,2.2435930907680928,2.0,1
3252,17,0,0,3,0.8451270721969681,18,0,2,1,0,0,0,1.5576879646413533,1.0,0
3253,17,1,2,1,0.4328404891783575,20,0,3,0,1,0,0,1.1625740735001573,2.0,0
3254,16,0,2,2,0.8295667647425804,20,1,2,0,0,1,0,1.6806611823420308,4.0,0
3255,18,1,1,2,0.8237810467624821,16,0,0,0,1,0,1,1.599424076132399,1.0,0
3256,18,0,0,2,0.1890343953557827,13,0,2,0,0,0,0,1.2738181762310288,2.0,0
3257,17,0,2,2,0.7018941682157258,7,0,0,0,0,0,0,2.210289203345338,4.0,1
3258,16,1,0,1,0.29092416030686524,20,1,1,0,0,0,0,1.0085719028530793,1.0,0
3259,18,0,0,2,0.29778173436008776,20,1,0,0,0,0,0,0.968725634893168,1.0,0
3260,17,1,2,1,0.29663582559901824,8,1,1,0,0,0,0,2.681277359272072,3.0,1
3261,15,1,0,3,0.7263493620645836,7,0,2,0,1,0,1,2.4013738525578114,4.0,1
3262,18,0,2,1,0.2300373269652629,12,1,2,1,0,0,0,2.376854346050859,3.0,1
3263,16,1,0,2,0.0008539888015386815,16,0,4,1,0,1,0,1.94767693624079,1.0,0
3264,16,0,0,0,0.716006092598576,18,1,2,1,0,0,0,1.7797561259491266,1.0,0
3265,16,0,2,1,0.17132862395085155,27,0,3,1,0,0,0,0.5575488870769554,2.0,0
3266,15,1,1,2,0.10454960461713002,6,0,2,0,1,1,0,2.79540580881386,3.0,1
3267,18,0,0,3,0.2377362451038755,16,0,3,0,0,0,0,1.5147637597128956,0.0,0
3268,18,1,2,2,0.38028431013890585,0,1,3,0,0,0,0,3.040729612939948,4.0,2
3269,15,0,1,3,0.47640046886263443,4,1,2,1,0,0,0,3.208461746184048,3.0,2
3270,18,0,1,2,0.04456838395283852,24,0,1,1,0,0,0,0.621119927824666,1.0,0
3271,15,0,0,2,0.9716360674627119,5,0,2,0,0,0,1,2.7996697335356093,2.0,1
3272,15,0,2,1,0.7168332422084412,25,1,3,0,0,0,0,1.3023928842500831,4.0,0
3273,15,0,2,3,0.323512672080442,1,0,2,1,1,0,0,3.482452519043289,4.0,2
3274,16,1,2,1,0.31901069519953096,26,1,3,0,1,0,0,1.2523485891697117,2.0,0
3275,18,1,0,3,0.4490052375485143,24,1,1,0,1,0,0,1.16974580305184,1.0,0
3276,15,1,2,3,0.6269117702668836,15,0,0,1,1,0,0,2.2847914471212656,0.0,1
3277,18,1,1,3,0.14648842699968564,21,0,2,0,0,0,0,1.021019253339771,2.0,0
3278,16,1,1,2,0.18909409089595222,4,0,3,1,0,0,1,2.8973550040674096,0.0,1
3279,15,1,0,2,0.8603695695796589,4,0,2,0,1,0,0,3.2759034528026745,3.0,2
3280,17,0,2,2,0.2564965876578781,11,0,3,1,1,0,0,2.430091199210449,4.0,1
3281,16,0,2,1,0.3805791242754995,2,1,1,1,0,1,0,3.228448079477929,1.0,2
3282,17,1,0,2,0.8722204440071343,29,0,2,0,0,0,0,0.2145700909687167,0.0,0
3283,18,1,0,0,0.6638571949495297,15,0,3,1,0,0,0,2.024030375549312,1.0,1
3284,18,0,2,2,0.3420517713413485,5,0,3,1,0,0,0,3.03416743887847,3.0,2
3285,16,0,0,1,0.6844325343805446,14,0,1,1,0,0,0,1.6998253090682822,0.0,0
3286,18,0,3,1,0.01965295253788105,14,1,2,0,1,1,1,2.0956481907808397,1.0,1
3287,17,1,1,1,0.7364353545179649,28,0,3,0,0,0,0,0.5242135665585334,1.0,0
3288,15,1,1,2,0.48752295193067274,15,0,0,0,0,0,0,1.3026414038177534,3.0,0
3289,15,1,0,2,0.8140639693128158,19,1,3,1,0,1,0,2.1371244106086893,2.0,1
3290,15,0,0,0,0.9556820696234429,12,0,2,1,0,0,1,2.4222760935888,3.0,1
3291,16,0,3,2,0.9267998066006579,11,0,1,0,0,0,0,2.569614181305555,0.0,1
3292,18,1,0,1,0.9102573076689598,9,0,3,0,1,0,0,2.70295861751592,0.0,1
3293,17,1,2,2,0.5127057804379275,13,1,1,1,1,0,1,2.3116704996467785,4.0,1
3294,18,0,0,2,0.36050319071449116,1,0,4,0,1,0,0,3.384992088760673,1.0,2
3295,18,0,0,2,0.46551697047991714,28,1,3,0,0,0,0,0.3907558869817938,0.0,0
3296,18,0,0,2,0.6906361144681296,2,1,3,0,0,0,0,3.597766084455523,2.0,2
3297,15,0,1,1,0.8849609977040542,8,0,0,0,1,0,0,2.275665113075239,2.0,1
3298,17,1,3,2,0.20717133510634198,10,0,4,1,0,0,0,2.710576700770992,3.0,1
3299,17,0,0,2,0.9191956850692644,10,0,3,0,1,0,1,2.5559753763709523,0.0,1
3300,18,0,0,2,0.8160643506904522,24,0,1,0,1,0,1,1.027727966185627,0.0,0
3301,15,0,0,2,0.9799282705172057,21,1,2,1,0,0,0,2.0956913654305778,4.0,1
3302,15,1,1,0,0.8812106882824148,9,0,1,0,0,0,0,2.380839869039285,4.0,1
3303,17,1,0,2,0.2802062151281829,25,0,4,0,0,0,0,0.66207873669096,4.0,0
3304,15,0,2,2,0.10602481438175412,13,1,3,1,0,0,0,1.9965131156897773,0.0,0
3305,15,0,1,1,0.11231719948759426,8,0,4,1,0,0,0,2.1398641508658107,3.0,1
3306,15,0,1,0,0.2915051766592702,19,0,3,0,1,0,0,1.361434707190739,3.0,0
3307,16,1,0,0,0.6148368078960246,26,0,2,0,1,0,0,0.4958590410264636,3.0,0
3308,18,1,3,3,0.8051919619328087,20,0,1,0,0,1,0,1.28766735664722,3.0,0
3309,17,1,0,2,0.9002310597875861,9,1,1,1,0,0,1,2.6650755516566824,2.0,1
3310,17,0,0,1,0.6244174680969939,21,0,1,0,0,0,0,0.954787542101481,0.0,0
3312,18,0,1,2,0.18647805010202206,8,0,4,0,0,0,1,2.3169599744650875,0.0,1
3313,17,0,0,3,0.09978794617323333,28,0,4,1,0,0,1,0.6743629436081446,3.0,0
3314,15,0,0,0,0.3636892100999813,4,0,1,0,0,0,0,2.53663378226987,2.0,1
3315,17,1,2,1,0.501874382315321,7,0,3,0,0,1,0,2.3433313526833226,2.0,1
3316,15,0,0,3,0.04339417367604738,10,1,2,0,0,0,0,2.2404508383745223,0.0,1
3317,16,1,2,0,0.34882564506377706,0,1,2,0,0,0,0,3.0526409582889382,1.0,2
3318,15,1,1,1,0.1793327444893048,20,0,3,1,0,0,0,0.9538406849215224,3.0,0
3319,17,0,0,4,0.6477610513888395,9,0,2,1,0,1,1,2.596111264562239,2.0,1
3321,17,1,0,1,0.4958341006039413,25,0,3,1,1,0,0,1.0823899503415932,3.0,0
3322,16,0,2,0,0.4281305093709452,29,0,3,0,1,0,0,0.5282255514744685,3.0,0
3323,16,1,1,0,0.9570657167063501,21,0,1,1,0,0,0,1.4627462917493628,4.0,0
3324,18,0,0,1,0.21492906408720003,6,0,1,0,0,0,0,2.006721725237717,3.0,1
3325,17,1,1,3,0.5172052503115236,27,0,2,0,0,0,0,0.4733008709069619,3.0,0
3326,15,1,3,2,0.7368104935792843,13,1,3,1,0,0,1,2.3780489451557907,1.0,1
3327,16,1,0,2,0.5574315885540663,4,0,4,1,1,0,0,3.546432808712968,1.0,2
3328,17,1,3,3,0.9300358582216779,16,1,2,1,0,0,0,2.288466675256948,4.0,1
3329,17,0,0,2,0.37834992253452165,21,0,3,1,0,0,0,1.3399355086329854,4.0,0
3330,16,0,0,1,0.4641558888275978,25,0,2,1,0,0,0,0.8131476267952477,3.0,0
3331,18,1,0,2,0.08857117925974962,20,1,1,0,1,0,1,1.5561060712293842,2.0,0
3332,16,1,0,3,0.6096462355262523,5,0,3,1,1,0,0,3.262922354666704,2.0,2
3333,16,0,0,3,0.2884903651420872,15,1,3,1,0,0,0,2.179357068500431,0.0,1
3334,15,0,0,0,0.16044041858689273,10,0,1,1,1,0,1,2.220050546998637,2.0,1
3335,15,0,3,2,0.5451043150463752,9,0,2,1,0,0,0,2.226513595090375,2.0,1
3336,18,0,2,2,0.5328692380975153,14,0,2,0,0,0,0,1.5656478476708735,1.0,0
3337,17,0,2,3,0.07590596399131504,6,0,1,1,0,0,0,2.0787778990811447,0.0,1
3338,16,0,0,1,0.698965127415299,22,1,4,0,0,1,0,1.5624112622115092,0.0,0
3339,18,1,0,2,0.6244362959954358,1,1,2,1,0,1,0,3.5729453198762804,1.0,2
3340,15,0,0,3,0.18918166041844503,11,1,1,0,1,0,0,2.073033167181521,2.0,1
3341,16,0,2,2,0.46992156493785475,18,0,1,0,1,0,0,1.2889376961826329,2.0,0
3342,17,1,3,2,0.7210980017537472,11,0,4,0,0,0,0,2.5474496063949026,0.0,1
3343,15,0,0,0,0.5299914111475716,15,0,3,0,0,0,1,2.037768574636005,2.0,1
3344,15,0,0,1,0.3958907822143776,5,0,3,0,0,0,0,2.915898132959834,0.0,1
3345,15,0,1,1,0.3226560813619727,2,1,0,0,0,0,1,2.799063885002723,2.0,1
3346,18,0,0,3,0.6110425943158417,1,0,3,0,1,0,0,3.2501100112534,3.0,2
3347,17,0,0,1,0.9401352662198328,19,0,2,0,0,1,0,1.8233231026458456,1.0,0
3348,16,1,1,2,0.6724640878347546,4,0,3,0,0,1,0,2.992912336093737,4.0,1
3349,18,0,2,2,0.07477893242802461,10,1,4,0,0,1,0,2.6317363035461985,3.0,1
3350,18,1,0,1,0.46116161873370687,25,1,1,1,0,0,0,0.9326697393710618,2.0,0
3351,18,1,0,2,0.89179519887554,24,0,2,0,0,1,0,0.8722095356275656,4.0,0
3352,15,0,3,2,0.09451811768769088,2,0,0,0,1,0,0,2.4515024403351484,3.0,1
3353,17,1,0,3,0.9899594845859271,2,0,2,0,1,0,1,3.4959497421090022,1.0,2
3354,18,0,0,2,0.9501074108451936,21,0,1,0,0,0,0,1.0888824821778935,4.0,0
3356,17,1,0,1,0.9344333418248324,21,0,2,0,1,1,0,1.521013489971915,1.0,0
3357,16,0,0,3,0.36349710422846304,22,0,3,0,0,0,0,0.7662574469888989,3.0,0
3358,17,0,2,1,0.8456272277387651,10,0,3,0,0,0,1,2.471395779180272,4.0,1
3359,16,0,0,2,0.4188113594815736,2,0,4,1,0,0,0,3.286585133610396,1.0,2
3360,15,0,0,1,0.4413089645824767,12,1,2,1,0,1,0,2.121473442487156,3.0,1
3361,18,0,1,3,0.6349192320658411,20,0,2,0,0,0,0,1.3476334931151803,2.0,0
3362,16,1,1,2,0.7753147522754714,7,0,0,0,0,0,0,2.4629431182407853,0.0,1
3363,17,1,2,2,0.03377510212834858,19,1,0,0,0,0,0,1.0410289006678957,2.0,0
3364,18,1,2,1,0.5937849091817421,9,0,3,1,0,0,0,2.669979035304761,2.0,1
3365,18,1,0,2,0.18689474610085713,1,1,0,0,0,0,0,2.735041610764964,0.0,1
3366,17,1,2,2,0.346294280803242,3,0,2,0,0,0,0,2.742091793566248,2.0,1
3367,16,1,0,2,0.34831574999896087,17,0,0,0,0,0,0,0.9842942952193188,2.0,0
3368,15,1,3,1,0.4695466125118971,18,0,3,0,0,1,0,1.4547228982036302,1.0,0
3369,15,0,0,4,0.3344675962783876,3,0,2,0,0,1,1,3.1585923238952263,1.0,2
3370,16,0,3,3,0.10743163669929923,19,0,1,0,0,0,1,1.0674108498772592,3.0,0
3371,18,1,2,1,0.1457432433705987,25,0,1,0,1,0,1,0.5694198849254213,4.0,0
3372,18,1,0,3,0.03342353309523885,8,0,2,0,0,0,1,1.934761727404891,3.0,0
3373,18,0,1,2,0.4707367240188533,15,0,3,0,0,0,0,1.8491038760645369,1.0,0
3374,18,0,3,2,0.9554918941243057,25,0,2,0,0,0,0,0.825019641346986,1.0,0
3375,16,0,2,1,0.11575529851903066,5,1,3,1,0,0,0,2.913898458953871,0.0,1
3376,18,0,0,2,0.9472992861185608,24,0,1,1,0,1,1,1.1645391660958937,0.0,0
3377,17,1,2,2,0.7341515871833683,3,0,0,1,0,0,0,2.928219390714798,1.0,1
3378,18,0,0,2,0.6381786862904139,8,1,0,1,1,0,0,2.6523548127186087,2.0,1
3379,15,1,0,2,0.6459665801723704,26,0,2,0,0,1,1,0.7093533742145925,3.0,0
3380,18,1,0,2,0.8276250402586333,12,0,3,0,0,0,0,2.5094912303073182,1.0,1
3381,16,1,0,2,0.10698987543033764,8,0,1,1,1,0,0,1.979379413769687,1.0,0
3382,15,0,2,0,0.50528162419409,5,0,3,0,0,0,0,2.956254523615616,0.0,1
3383,16,0,0,3,0.6978395198409468,20,0,2,0,0,0,0,1.1919290455522094,3.0,0
3384,16,1,2,2,0.5874420763494669,18,1,4,0,0,0,0,1.810037822647263,3.0,0
3385,15,1,0,1,0.8336834186745066,13,1,3,0,1,0,0,2.539112848520151,4.0,1
3386,16,1,0,1,0.0723018938477674,20,0,3,1,1,0,0,1.3956306751141432,1.0,0
3387,16,0,0,2,0.6914420760002673,14,0,2,0,0,0,0,2.000084011141924,4.0,1
3388,18,1,0,3,0.5345886792394133,2,0,4,1,0,0,0,3.4555094110343934,0.0,2
3389,17,0,0,1,0.37954380159817064,4,1,4,0,1,0,0,3.279149727025028,4.0,2
3390,16,1,0,2,0.34061322259679316,20,0,2,0,0,0,1,1.142332879526157,2.0,0
3391,16,1,1,0,0.6214933592531446,17,0,2,0,1,1,0,1.8032967626292096,1.0,0
3392,16,1,0,2,0.891966638844063,13,0,2,0,0,0,1,2.1400138778043982,1.0,1
